Date,Sensor
2023-06-14 16:10:24,0
2023-06-14 16:10:26,0
2023-06-14 16:10:28,0
2023-06-14 16:10:30,0
2023-06-14 16:10:32,0
2023-06-14 16:10:34,0
2023-06-14 16:10:36,0
2023-06-14 16:10:38,0
2023-06-14 16:10:40,0
2023-06-14 16:10:42,0
2023-06-14 16:10:44,0
2023-06-14 16:11:02,0
2023-06-14 16:11:04,0
2023-06-14 16:11:04,0
2023-06-14 16:11:04,0
2023-06-14 16:11:04,0
2023-06-14 16:11:05,0
2023-06-14 16:11:05,0
2023-06-14 16:11:06,0
2023-06-14 16:11:06,0
2023-06-14 16:11:08,0
2023-06-14 16:11:08,0
2023-06-14 16:11:10,0
2023-06-14 16:11:10,0
2023-06-14 16:11:12,0
2023-06-14 16:11:12,0
2023-06-14 16:11:14,0
2023-06-14 16:11:14,0
2023-06-14 16:11:16,0
2023-06-14 16:11:16,0
2023-06-14 16:11:18,0
2023-06-14 16:11:18,0
2023-06-14 16:11:20,0
2023-06-14 16:11:20,0
2023-06-14 16:11:22,0
2023-06-14 16:11:22,0
2023-06-14 16:11:24,0
2023-06-14 16:11:24,0
2023-06-14 16:11:26,0
2023-06-14 16:11:26,0
2023-06-14 16:11:28,0
2023-06-14 16:11:28,0
2023-06-14 16:11:30,0
2023-06-14 16:11:30,0
2023-06-14 16:11:33,0
2023-06-14 16:11:33,0
2023-06-14 16:11:34,0
2023-06-14 16:11:34,0
2023-06-14 16:11:36,0
2023-06-14 16:11:36,0
2023-06-14 16:11:38,0
2023-06-14 16:11:38,0
2023-06-14 16:11:40,0
2023-06-14 16:11:40,0
2023-06-14 16:11:42,0
2023-06-14 16:11:42,0
2023-06-14 16:11:44,0
2023-06-14 16:11:44,0
2023-06-14 16:11:46,0
2023-06-14 16:11:46,0
2023-06-14 16:11:48,0
2023-06-14 16:11:48,0
2023-06-14 16:11:50,0
2023-06-14 16:11:50,0
2023-06-14 16:11:52,0
2023-06-14 16:11:52,0
2023-06-14 16:11:54,0
2023-06-14 16:11:54,0
2023-06-14 16:11:56,0
2023-06-14 16:11:56,0
2023-06-14 16:11:59,0
2023-06-14 16:11:59,0
2023-06-14 16:12:00,0
2023-06-14 16:12:00,0
2023-06-14 16:12:18,0
2023-06-14 16:12:20,0
2023-06-14 16:12:22,0
2023-06-14 16:12:22,0
2023-06-14 16:12:24,0
2023-06-14 16:12:24,0
2023-06-14 16:12:26,0
2023-06-14 16:12:26,0
2023-06-14 16:12:28,0
2023-06-14 16:12:28,0
2023-06-14 16:12:30,0
2023-06-14 16:12:30,0
2023-06-14 16:12:32,0
2023-06-14 16:12:32,0
2023-06-14 16:12:36,0
2023-06-14 16:12:36,0
2023-06-14 16:12:36,0
2023-06-14 16:12:36,0
2023-06-14 16:12:38,0
2023-06-14 16:12:38,0
2023-06-14 16:12:41,0
2023-06-14 16:12:41,0
2023-06-14 16:12:42,0
2023-06-14 16:12:42,0
2023-06-14 16:12:44,0
2023-06-14 16:12:44,0
2023-06-14 16:12:46,0
2023-06-14 16:12:46,0
2023-06-14 16:12:49,0
2023-06-14 16:12:49,0
2023-06-14 16:12:50,0
2023-06-14 16:12:50,0
2023-06-14 16:12:52,0
2023-06-14 16:12:52,0
2023-06-14 16:12:54,0
2023-06-14 16:12:54,0
2023-06-14 16:12:56,0
2023-06-14 16:12:56,0
2023-06-14 16:12:58,0
2023-06-14 16:12:58,0
2023-06-14 16:13:00,0
2023-06-14 16:13:00,0
2023-06-14 16:13:02,0
2023-06-14 16:13:02,0
2023-06-14 16:13:04,0
2023-06-14 16:13:04,0
2023-06-14 16:13:06,0
2023-06-14 16:13:06,0
2023-06-14 16:13:08,0
2023-06-14 16:13:08,0
2023-06-14 16:13:10,0
2023-06-14 16:13:10,0
2023-06-14 16:13:12,0
2023-06-14 16:13:12,0
2023-06-14 16:13:14,0
2023-06-14 16:13:14,0
2023-06-14 16:13:16,0
2023-06-14 16:13:16,0
2023-06-14 16:13:18,0
2023-06-14 16:13:18,0
2023-06-14 16:13:20,0
2023-06-14 16:13:20,0
2023-06-14 16:13:22,0
2023-06-14 16:13:22,0
2023-06-14 16:13:24,0
2023-06-14 16:13:24,0
2023-06-14 16:13:26,0
2023-06-14 16:13:26,0
2023-06-14 16:13:28,0
2023-06-14 16:13:28,0
2023-06-14 16:13:30,0
2023-06-14 16:13:30,0
2023-06-14 16:13:32,0
2023-06-14 16:13:32,0
2023-06-14 16:13:34,0
2023-06-14 16:13:34,0
2023-06-14 16:13:36,0
2023-06-14 16:13:36,0
2023-06-14 16:13:38,0
2023-06-14 16:13:38,0
2023-06-14 16:13:40,0
2023-06-14 16:13:40,0
2023-06-14 16:13:42,0
2023-06-14 16:13:42,0
2023-06-14 16:13:44,0
2023-06-14 16:13:44,0
2023-06-14 16:13:46,0
2023-06-14 16:13:46,0
2023-06-14 16:16:10,0
2023-06-14 16:16:12,0
2023-06-14 16:16:14,0
2023-06-14 16:16:16,0
2023-06-14 16:16:18,0
2023-06-14 16:16:18,0
2023-06-14 16:16:20,0
2023-06-14 16:16:20,0
2023-06-14 16:16:22,0
2023-06-14 16:16:22,0
2023-06-14 16:16:24,0
2023-06-14 16:16:24,0
2023-06-14 16:16:26,0
2023-06-14 16:16:26,0
2023-06-14 16:16:28,0
2023-06-14 16:16:28,0
2023-06-14 16:16:30,0
2023-06-14 16:16:30,0
2023-06-14 16:16:32,0
2023-06-14 16:16:32,0
2023-06-14 16:16:34,0
2023-06-14 16:16:34,0
2023-06-14 16:16:36,0
2023-06-14 16:16:36,0
2023-06-14 16:16:38,0
2023-06-14 16:16:38,0
2023-06-14 16:16:40,0
2023-06-14 16:16:40,0
2023-06-14 16:16:42,0
2023-06-14 16:16:42,0
2023-06-14 16:16:44,0
2023-06-14 16:16:44,0
2023-06-14 16:16:46,0
2023-06-14 16:16:46,0
2023-06-14 16:16:48,0
2023-06-14 16:16:48,0
2023-06-14 16:16:50,0
2023-06-14 16:16:50,0
2023-06-14 16:16:52,0
2023-06-14 16:16:52,0
2023-06-14 16:16:54,0
2023-06-14 16:16:54,0
2023-06-14 16:16:56,0
2023-06-14 16:16:56,0
2023-06-14 16:16:58,0
2023-06-14 16:16:58,0
2023-06-14 16:17:00,0
2023-06-14 16:17:00,0
2023-06-14 16:17:02,0
2023-06-14 16:17:02,0
2023-06-14 16:17:05,0
2023-06-14 16:17:05,0
2023-06-14 16:17:13,0
2023-06-14 16:17:13,0
2023-06-14 16:17:18,0
2023-06-14 16:17:18,0
2023-06-14 16:17:21,0
2023-06-14 16:17:22,0
2023-06-14 16:17:22,0
2023-06-14 16:17:22,0
2023-06-14 16:17:22,0
2023-06-14 16:17:22,0
2023-06-14 16:17:22,0
2023-06-14 16:17:24,0
2023-06-14 16:17:26,0
2023-06-14 16:17:28,0
2023-06-14 16:17:30,0
2023-06-14 16:17:48,0
2023-06-14 16:17:50,0
2023-06-14 16:17:52,0
2023-06-14 16:17:54,0
2023-06-14 16:17:56,0
2023-06-14 16:17:58,0
2023-06-14 16:17:58,0
2023-06-14 16:18:00,0
2023-06-14 16:18:00,0
2023-06-14 16:18:02,0
2023-06-14 16:18:02,0
2023-06-14 16:18:05,0
2023-06-14 16:18:05,0
2023-06-14 16:18:06,0
2023-06-14 16:18:06,0
2023-06-14 16:18:09,0
2023-06-14 16:18:09,0
2023-06-14 16:18:12,0
2023-06-14 16:18:12,0
2023-06-14 16:18:16,0
2023-06-14 16:18:16,0
2023-06-14 16:18:18,0
2023-06-14 16:18:18,0
2023-06-14 16:18:18,0
2023-06-14 16:18:18,0
2023-06-14 16:18:18,0
2023-06-14 16:18:18,0
2023-06-14 16:18:20,0
2023-06-14 16:18:20,0
2023-06-14 16:18:27,0
2023-06-14 16:18:27,0
2023-06-14 16:18:30,0
2023-06-14 16:18:30,0
2023-06-14 16:18:32,0
2023-06-14 16:18:32,0
2023-06-14 16:18:32,0
2023-06-14 16:18:32,0
2023-06-14 16:18:33,0
2023-06-14 16:18:35,0
2023-06-14 16:18:36,0
2023-06-14 16:18:36,0
2023-06-14 16:18:36,0
2023-06-14 16:18:36,0
2023-06-14 16:18:36,0
2023-06-14 16:18:36,0
2023-06-14 16:18:39,0
2023-06-14 16:18:45,0
2023-06-14 16:18:45,0
2023-06-14 16:18:45,0
2023-06-14 16:18:45,0
2023-06-14 16:18:46,0
2023-06-14 16:18:46,0
2023-06-14 16:18:46,0
2023-06-14 16:18:46,0
2023-06-14 16:18:46,0
2023-06-14 16:18:49,0
2023-06-14 16:18:49,0
2023-06-14 16:18:57,0
2023-06-14 16:18:57,0
2023-06-14 16:19:06,0
2023-06-14 16:19:06,0
2023-06-14 16:19:07,0
2023-06-14 16:19:07,0
2023-06-14 16:19:11,0
2023-06-14 16:19:11,0
2023-06-14 16:19:11,0
2023-06-14 16:19:11,0
2023-06-14 16:19:12,0
2023-06-14 16:19:12,0
2023-06-14 16:24:40,0
2023-06-14 16:24:43,0
2023-06-14 16:24:43,0
2023-06-14 16:24:44,0
2023-06-14 16:24:44,0
2023-06-14 16:24:46,0
2023-06-14 16:24:46,0
2023-06-14 16:24:48,0
2023-06-14 16:24:48,0
2023-06-14 16:24:50,0
2023-06-14 16:24:50,0
2023-06-14 16:24:52,0
2023-06-14 16:24:52,0
2023-06-14 16:24:54,0
2023-06-14 16:24:54,0
2023-06-14 16:24:56,0
2023-06-14 16:24:56,0
2023-06-14 16:24:58,0
2023-06-14 16:24:58,0
2023-06-14 16:25:00,0
2023-06-14 16:25:00,0
2023-06-14 16:25:02,0
2023-06-14 16:25:02,0
2023-06-14 16:25:04,0
2023-06-14 16:25:04,0
2023-06-14 16:25:06,0
2023-06-14 16:25:06,0
2023-06-14 16:25:08,0
2023-06-14 16:25:08,0
2023-06-14 16:25:10,0
2023-06-14 16:25:10,0
2023-06-14 16:25:12,0
2023-06-14 16:25:12,0
2023-06-14 16:25:14,0
2023-06-14 16:25:14,0
2023-06-14 16:25:16,0
2023-06-14 16:25:16,0
2023-06-14 16:25:18,0
2023-06-14 16:25:18,0
2023-06-14 16:25:20,0
2023-06-14 16:25:20,0
2023-06-14 16:25:22,0
2023-06-14 16:25:22,0
2023-06-14 16:25:24,0
2023-06-14 16:25:24,0
2023-06-14 16:25:26,0
2023-06-14 16:25:26,0
2023-06-14 16:25:28,0
2023-06-14 16:25:28,0
2023-06-14 16:25:30,0
2023-06-14 16:25:30,0
2023-06-14 16:25:32,0
2023-06-14 16:25:32,0
2023-06-14 16:25:34,0
2023-06-14 16:25:34,0
2023-06-14 16:25:36,0
2023-06-14 16:25:36,0
2023-06-14 16:25:38,0
2023-06-14 16:25:38,0
2023-06-14 16:25:40,0
2023-06-14 16:25:40,0
2023-06-14 16:25:42,0
2023-06-14 16:25:42,0
2023-06-14 16:25:44,0
2023-06-14 16:25:44,0
2023-06-14 16:25:46,0
2023-06-14 16:25:46,0
2023-06-14 16:25:48,0
2023-06-14 16:25:48,0
2023-06-14 16:25:50,0
2023-06-14 16:25:50,0
2023-06-14 16:25:52,0
2023-06-14 16:25:52,0
2023-06-14 16:25:54,0
2023-06-14 16:25:54,0
2023-06-14 16:25:56,0
2023-06-14 16:25:56,0
2023-06-14 16:25:58,0
2023-06-14 16:25:58,0
2023-06-14 16:26:00,0
2023-06-14 16:26:00,0
2023-06-14 16:26:02,0
2023-06-14 16:26:02,0
2023-06-14 16:26:05,0
2023-06-14 16:26:05,0
2023-06-14 16:26:06,0
2023-06-14 16:26:06,0
2023-06-14 16:26:08,0
2023-06-14 16:26:08,0
2023-06-14 16:26:10,0
2023-06-14 16:26:10,0
2023-06-14 16:26:12,0
2023-06-14 16:26:12,0
2023-06-14 16:26:14,0
2023-06-14 16:26:14,0
2023-06-14 16:26:16,0
2023-06-14 16:26:16,0
2023-06-14 16:26:18,0
2023-06-14 16:26:18,0
2023-06-14 16:26:20,0
2023-06-14 16:26:20,0
2023-06-14 16:26:22,0
2023-06-14 16:26:22,0
2023-06-14 16:26:24,0
2023-06-14 16:26:24,0
2023-06-14 16:26:26,0
2023-06-14 16:26:26,0
2023-06-14 16:26:28,0
2023-06-14 16:26:28,0
2023-06-14 16:26:30,0
2023-06-14 16:26:30,0
2023-06-14 16:26:32,0
2023-06-14 16:26:32,0
2023-06-14 16:26:34,0
2023-06-14 16:26:34,0
2023-06-14 16:26:36,0
2023-06-14 16:26:36,0
2023-06-14 16:26:38,0
2023-06-14 16:26:38,0
2023-06-14 16:26:40,0
2023-06-14 16:26:40,0
2023-06-14 16:26:42,0
2023-06-14 16:26:42,0
2023-06-14 16:26:44,0
2023-06-14 16:26:44,0
2023-06-14 16:26:46,0
2023-06-14 16:26:46,0
2023-06-14 16:26:48,0
2023-06-14 16:26:48,0
2023-06-14 16:26:50,0
2023-06-14 16:26:50,0
2023-06-14 16:26:52,0
2023-06-14 16:26:52,0
2023-06-14 16:26:54,0
2023-06-14 16:26:54,0
2023-06-14 16:26:56,0
2023-06-14 16:26:56,0
2023-06-14 16:26:58,0
2023-06-14 16:26:58,0
2023-06-14 16:27:00,0
2023-06-14 16:27:00,0
2023-06-14 16:27:02,0
2023-06-14 16:27:02,0
2023-06-14 16:27:04,0
2023-06-14 16:27:04,0
2023-06-14 16:27:06,0
2023-06-14 16:27:06,0
2023-06-14 16:27:08,0
2023-06-14 16:27:08,0
2023-06-14 16:27:10,0
2023-06-14 16:27:10,0
2023-06-14 16:27:12,0
2023-06-14 16:27:12,0
2023-06-14 16:27:14,0
2023-06-14 16:27:14,0
2023-06-14 16:27:16,0
2023-06-14 16:27:16,0
2023-06-14 16:27:18,0
2023-06-14 16:27:18,0
2023-06-14 16:27:20,0
2023-06-14 16:27:20,0
2023-06-14 16:27:22,0
2023-06-14 16:27:22,0
2023-06-14 16:27:24,0
2023-06-14 16:27:24,0
2023-06-14 16:27:26,0
2023-06-14 16:27:26,0
2023-06-14 16:27:28,0
2023-06-14 16:27:28,0
2023-06-14 16:27:30,0
2023-06-14 16:27:30,0
2023-06-14 16:27:32,0
2023-06-14 16:27:32,0
2023-06-14 16:27:34,0
2023-06-14 16:30:16,0
2023-06-14 16:30:18,0
2023-06-14 16:30:20,0
2023-06-14 16:30:20,0
2023-06-14 16:30:22,0
2023-06-14 16:30:22,0
2023-06-14 16:30:24,0
2023-06-14 16:30:24,0
2023-06-14 16:30:26,0
2023-06-14 16:30:26,0
2023-06-14 16:30:28,0
2023-06-14 16:30:28,0
2023-06-14 16:30:30,0
2023-06-14 16:30:30,0
2023-06-14 16:30:32,0
2023-06-14 16:30:32,0
2023-06-14 16:30:34,0
2023-06-14 16:30:34,0
2023-06-14 16:30:36,0
2023-06-14 16:30:36,0
2023-06-14 16:30:38,0
2023-06-14 16:30:38,0
2023-06-14 16:30:40,0
2023-06-14 16:30:40,0
2023-06-14 16:30:42,0
2023-06-14 16:30:42,0
2023-06-14 16:30:44,0
2023-06-14 16:30:44,0
2023-06-14 16:30:46,0
2023-06-14 16:30:46,0
2023-06-14 16:30:48,0
2023-06-14 16:30:48,0
2023-06-14 16:30:50,0
2023-06-14 16:30:50,0
2023-06-14 16:30:52,0
2023-06-14 16:30:52,0
2023-06-14 16:30:54,0
2023-06-14 16:30:54,0
2023-06-14 16:30:56,0
2023-06-14 16:30:56,0
2023-06-14 16:30:58,0
2023-06-14 16:30:58,0
2023-06-14 16:31:00,0
2023-06-14 16:31:00,0
2023-06-14 16:31:04,0
2023-06-14 16:31:04,0
2023-06-14 16:31:04,0
2023-06-14 16:31:04,0
2023-06-14 16:31:06,0
2023-06-14 16:31:06,0
2023-06-14 16:31:08,0
2023-06-14 16:31:08,0
2023-06-14 16:31:10,0
2023-06-14 16:31:10,0
2023-06-14 16:31:12,0
2023-06-14 16:31:12,0
2023-06-14 16:31:26,0
2023-06-14 16:31:28,0
2023-06-14 16:31:28,0
2023-06-14 16:31:30,0
2023-06-14 16:31:30,0
2023-06-14 16:31:32,0
2023-06-14 16:31:32,0
2023-06-14 16:31:34,0
2023-06-14 16:31:34,0
2023-06-14 16:31:36,0
2023-06-14 16:31:36,0
2023-06-14 16:31:38,0
2023-06-14 16:31:38,0
2023-06-14 16:31:40,0
2023-06-14 16:31:40,0
2023-06-14 16:31:42,0
2023-06-14 16:31:42,0
2023-06-14 16:31:44,0
2023-06-14 16:31:44,0
2023-06-14 16:31:46,0
2023-06-14 16:31:46,0
2023-06-14 16:31:48,0
2023-06-14 16:31:48,0
2023-06-14 16:31:50,0
2023-06-14 16:31:50,0
2023-06-14 16:31:52,0
2023-06-14 16:31:52,0
2023-06-14 16:31:54,0
2023-06-14 16:31:54,0
2023-06-14 16:31:56,0
2023-06-14 16:31:56,0
2023-06-14 16:31:58,0
2023-06-14 16:31:58,0
2023-06-14 16:32:00,0
2023-06-14 16:32:00,0
2023-06-14 16:32:02,0
2023-06-14 16:32:02,0
2023-06-14 16:32:04,0
2023-06-14 16:32:04,0
2023-06-14 16:32:06,0
2023-06-14 16:32:06,0
2023-06-14 16:32:08,0
2023-06-14 16:32:08,10
2023-06-14 16:32:11,0
2023-06-14 16:32:11,0
2023-06-14 16:32:14,0
2023-06-14 16:32:14,0
2023-06-14 16:32:14,0
2023-06-14 16:32:14,0
2023-06-14 16:32:16,0
2023-06-14 16:32:16,0
2023-06-14 16:32:18,0
2023-06-14 16:32:18,0
2023-06-14 16:32:20,0
2023-06-14 16:32:20,0
2023-06-14 16:32:22,0
2023-06-14 16:32:22,0
2023-06-14 16:32:24,0
2023-06-14 16:32:24,0
2023-06-14 16:32:26,0
2023-06-14 16:32:26,0
2023-06-14 16:32:28,0
2023-06-14 16:32:28,0
2023-06-14 16:32:30,0
2023-06-14 16:32:30,0
2023-06-14 16:32:32,0
2023-06-14 16:32:32,0
2023-06-14 16:32:34,0
2023-06-14 16:32:34,0
2023-06-14 16:32:36,0
2023-06-14 16:32:36,0
2023-06-14 16:32:38,0
2023-06-14 16:32:38,0
2023-06-14 16:32:40,0
2023-06-14 16:32:40,0
2023-06-14 16:32:42,0
2023-06-14 16:32:42,0
2023-06-14 16:32:54,0
2023-06-14 16:32:56,0
2023-06-14 16:32:56,0
2023-06-14 16:32:58,0
2023-06-14 16:32:58,0
2023-06-14 16:33:00,0
2023-06-14 16:33:00,0
2023-06-14 16:33:02,100
2023-06-14 16:33:02,0
2023-06-14 16:33:04,0
2023-06-14 16:33:04,0
2023-06-14 16:33:06,0
2023-06-14 16:33:06,0
2023-06-14 16:33:08,0
2023-06-14 16:33:08,0
2023-06-14 16:33:10,0
2023-06-14 16:33:10,0
2023-06-14 16:33:12,0
2023-06-14 16:33:12,0
2023-06-14 16:33:14,0
2023-06-14 16:33:14,0
2023-06-14 16:33:16,0
2023-06-14 16:33:16,0
2023-06-14 16:33:18,0
2023-06-14 16:33:18,0
2023-06-14 17:33:18,0
2023-06-14 18:33:18,0
2023-06-14 16:42:53,0
2023-06-14 16:42:53,0
2023-06-14 16:42:53,0
2023-06-14 16:42:53,0
2023-06-14 16:42:53,0
2023-06-14 16:42:53,0
2023-06-14 16:42:55,0
2023-06-14 16:42:55,0
2023-06-14 16:42:57,0
2023-06-14 16:42:57,0
2023-06-14 16:43:03,0
2023-06-14 16:43:03,0
2023-06-14 16:43:03,0
2023-06-14 16:43:03,0
2023-06-14 16:43:03,0
2023-06-14 16:43:03,0
2023-06-14 16:43:05,0
2023-06-14 16:43:05,0
2023-06-14 16:43:07,0
2023-06-14 16:43:07,0
2023-06-14 16:43:09,0
2023-06-14 16:43:09,0
2023-06-14 16:43:21,0
2023-06-14 16:43:21,0
2023-06-14 16:43:21,0
2023-06-14 16:43:21,0
2023-06-14 16:43:21,0
2023-06-14 16:43:21,0
2023-06-14 16:43:21,0
2023-06-14 16:43:21,0
2023-06-14 16:43:21,0
2023-06-14 16:43:21,0
2023-06-14 16:43:21,0
2023-06-14 16:43:21,0
2023-06-14 16:43:33,0
2023-06-14 16:43:33,0
2023-06-14 16:43:33,0
2023-06-14 16:43:33,0
2023-06-14 16:43:33,0
2023-06-14 16:43:33,0
2023-06-14 16:43:33,0
2023-06-14 16:43:33,0
2023-06-14 16:43:33,0
2023-06-14 16:43:33,0
2023-06-14 16:43:33,0
2023-06-14 16:43:33,0
2023-06-14 16:43:35,0
2023-06-14 16:43:35,0
2023-06-14 16:43:38,0
2023-06-14 16:43:38,0
2023-06-14 16:43:43,0
2023-06-14 16:43:43,0
2023-06-14 16:43:43,0
2023-06-14 16:43:43,0
2023-06-14 16:43:43,0
2023-06-14 16:43:43,0
2023-06-14 16:43:45,0
2023-06-14 16:43:45,0
2023-06-14 16:43:47,0
2023-06-14 16:43:47,0
2023-06-14 16:43:49,0
2023-06-14 16:43:49,0
2023-06-14 16:43:51,0
2023-06-14 16:43:51,0
2023-06-14 16:43:53,0
2023-06-14 16:43:53,0
2023-06-14 16:43:55,0
2023-06-14 16:43:55,0
2023-06-14 16:43:57,0
2023-06-14 16:43:57,0
2023-06-14 16:43:59,0
2023-06-14 16:43:59,0
2023-06-14 16:44:01,0
2023-06-14 16:44:01,0
2023-06-14 16:44:03,0
2023-06-14 16:44:03,0
2023-06-14 16:44:05,0
2023-06-14 16:44:05,0
2023-06-14 16:44:07,0
2023-06-14 16:44:07,0
2023-06-14 16:44:09,0
2023-06-14 16:44:09,0
2023-06-14 16:44:11,0
2023-06-14 16:44:11,0
2023-06-14 16:44:13,0
2023-06-14 16:44:13,0
2023-06-14 16:44:15,0
2023-06-14 16:44:15,0
2023-06-14 16:44:17,0
2023-06-14 16:44:17,0
2023-06-14 16:44:19,0
2023-06-14 16:44:19,0
2023-06-14 16:44:21,0
2023-06-14 16:44:21,0
2023-06-14 16:44:23,0
2023-06-14 16:44:23,0
2023-06-14 16:44:25,0
2023-06-14 16:44:25,0
2023-06-14 16:44:27,0
2023-06-14 16:44:27,0
2023-06-14 16:44:29,0
2023-06-14 16:44:29,0
2023-06-14 16:44:31,0
2023-06-14 16:44:31,0
2023-06-14 16:44:33,0
2023-06-14 16:44:33,0
2023-06-14 16:44:35,0
2023-06-14 16:44:35,0
2023-06-14 16:44:37,0
2023-06-14 16:44:37,0
2023-06-14 16:44:39,0
2023-06-14 16:44:39,0
2023-06-14 16:44:41,0
2023-06-14 16:44:41,0
2023-06-14 16:44:43,0
2023-06-14 16:44:43,0
2023-06-14 16:44:45,0
2023-06-14 16:44:45,0
2023-06-14 16:44:47,0
2023-06-14 16:44:47,0
2023-06-14 16:44:49,0
2023-06-14 16:44:49,0
2023-06-14 16:44:51,0
2023-06-14 16:44:51,0
2023-06-14 16:44:53,0
2023-06-14 16:44:53,0
2023-06-14 16:44:55,0
2023-06-14 16:44:55,0
2023-06-14 16:44:57,0
2023-06-14 16:44:57,0
2023-06-14 16:44:59,0
2023-06-14 16:44:59,0
2023-06-14 16:45:01,0
2023-06-14 16:45:01,0
2023-06-14 16:45:03,0
2023-06-14 16:45:03,0
2023-06-14 16:45:05,0
2023-06-14 16:45:05,0
2023-06-14 16:45:07,0
2023-06-14 16:45:07,0
2023-06-14 16:45:09,0
2023-06-14 16:45:09,0
2023-06-14 16:45:11,0
2023-06-14 16:45:11,0
2023-06-14 16:45:13,0
2023-06-14 16:45:13,0
2023-06-14 16:45:15,0
2023-06-14 16:45:15,0
2023-06-14 16:45:17,0
2023-06-14 16:45:17,0
2023-06-14 16:45:19,0
2023-06-14 16:45:19,0
2023-06-14 16:45:21,0
2023-06-14 16:45:21,0
2023-06-14 16:45:23,0
2023-06-14 16:45:23,0
2023-06-14 16:45:25,0
2023-06-14 16:45:25,0
2023-06-14 16:45:27,0
2023-06-14 16:45:27,0
2023-06-14 16:45:29,0
2023-06-14 16:45:29,0
2023-06-14 16:45:31,0
2023-06-14 16:45:31,0
2023-06-14 16:45:33,0
2023-06-14 16:45:33,0
2023-06-14 16:45:35,0
2023-06-14 16:45:35,0
2023-06-14 16:45:37,0
2023-06-14 16:45:37,0
2023-06-14 16:45:39,0
2023-06-14 16:45:39,0
2023-06-14 16:45:41,0
2023-06-14 16:45:41,0
2023-06-14 16:45:43,0
2023-06-14 16:45:43,0
2023-06-14 16:45:45,0
2023-06-14 16:45:45,0
2023-06-14 16:45:47,0
2023-06-14 16:45:47,0
2023-06-14 16:45:49,0
2023-06-14 16:45:49,0
2023-06-14 16:45:51,0
2023-06-14 16:45:51,0
2023-06-14 16:45:53,0
2023-06-14 16:45:53,0
2023-06-14 16:45:55,0
2023-06-14 16:45:55,0
2023-06-14 16:45:57,0
2023-06-14 16:45:57,0
2023-06-14 16:45:59,0
2023-06-14 16:45:59,0
2023-06-14 16:46:01,0
2023-06-14 16:46:01,0
2023-06-14 16:46:03,0
2023-06-14 16:46:03,0
2023-06-14 16:46:05,0
2023-06-14 16:46:05,0
2023-06-14 16:46:07,0
2023-06-14 16:46:07,0
2023-06-14 16:46:09,0
2023-06-14 16:46:09,0
2023-06-14 16:46:11,0
2023-06-14 16:46:11,0
2023-06-14 16:46:13,0
2023-06-14 16:46:13,0
2023-06-14 16:46:15,0
2023-06-14 16:46:15,0
2023-06-14 16:46:17,0
2023-06-14 16:46:17,0
2023-06-14 16:46:19,0
2023-06-14 16:46:19,0
2023-06-14 16:46:21,0
2023-06-14 16:46:21,0
2023-06-14 16:46:23,0
2023-06-14 16:46:23,0
2023-06-14 16:46:25,0
2023-06-14 16:46:25,0
2023-06-14 16:46:27,0
2023-06-14 16:46:27,0
2023-06-14 16:46:29,0
2023-06-14 16:46:29,0
2023-06-14 16:46:31,0
2023-06-14 16:46:31,0
2023-06-14 16:46:33,0
2023-06-14 16:46:33,0
2023-06-14 16:46:41,0
2023-06-14 16:46:43,0
2023-06-14 16:46:45,0
2023-06-14 16:46:47,0
2023-06-14 16:46:49,0
2023-06-14 16:46:52,0
2023-06-14 16:46:53,0
2023-06-14 16:46:55,0
2023-06-14 16:46:57,0
2023-06-14 16:46:59,0
2023-06-14 16:47:01,0
2023-06-14 16:47:03,0
2023-06-14 16:47:05,0
2023-06-14 16:47:07,0
2023-06-14 16:47:09,0
2023-06-14 16:47:11,0
2023-06-14 16:47:13,0
2023-06-14 16:47:15,0
2023-06-14 16:47:17,0
2023-06-14 16:47:19,0
2023-06-14 16:47:21,0
2023-06-14 16:47:23,0
2023-06-14 16:47:25,0
2023-06-14 16:47:27,0
2023-06-14 16:47:29,0
2023-06-14 16:47:31,0
2023-06-14 16:47:37,0
2023-06-14 16:47:39,0
2023-06-14 16:47:41,0
2023-06-14 16:47:43,0
2023-06-14 16:47:45,0
2023-06-14 16:47:45,0
2023-06-14 16:47:47,0
2023-06-14 16:47:47,0
2023-06-14 16:47:49,0
2023-06-14 16:47:49,0
2023-06-14 16:47:51,0
2023-06-14 16:47:51,0
2023-06-14 16:47:53,0
2023-06-14 16:47:53,0
2023-06-14 16:47:55,0
2023-06-14 16:47:55,0
2023-06-14 16:47:57,0
2023-06-14 16:47:57,0
2023-06-14 16:47:59,0
2023-06-14 16:47:59,0
2023-06-14 16:48:01,0
2023-06-14 16:48:01,0
2023-06-14 16:48:03,0
2023-06-14 16:48:03,0
2023-06-14 16:48:05,0
2023-06-14 16:48:05,0
2023-06-14 16:48:07,0
2023-06-14 16:48:07,0
2023-06-14 16:48:09,0
2023-06-14 16:48:09,0
2023-06-14 16:48:11,0
2023-06-14 16:48:11,0
2023-06-14 16:48:13,0
2023-06-14 16:48:13,0
2023-06-14 16:48:15,0
2023-06-14 16:48:15,0
2023-06-14 16:48:17,0
2023-06-14 16:48:17,0
2023-06-14 16:48:19,0
2023-06-14 16:48:19,0
2023-06-14 16:48:21,0
2023-06-14 16:48:21,0
2023-06-14 16:48:23,0
2023-06-14 16:48:23,0
2023-06-14 16:48:25,0
2023-06-14 16:48:25,0
2023-06-14 16:48:27,0
2023-06-14 16:48:27,0
2023-06-14 16:48:29,0
2023-06-14 16:48:29,0
2023-06-14 16:48:31,0
2023-06-14 16:48:31,0
2023-06-14 16:48:33,0
2023-06-14 16:48:33,0
2023-06-14 16:48:35,0
2023-06-14 16:48:35,0
2023-06-14 16:48:37,0
2023-06-14 16:48:37,0
2023-06-14 16:48:39,0
2023-06-14 16:48:39,0
2023-06-14 16:48:41,0
2023-06-14 16:48:41,0
2023-06-14 16:48:43,0
2023-06-14 16:48:43,0
2023-06-14 16:48:45,0
2023-06-14 16:48:45,0
2023-06-14 16:48:47,0
2023-06-14 16:48:47,0
2023-06-14 16:48:49,0
2023-06-14 16:48:49,0
2023-06-14 16:48:51,0
2023-06-14 16:48:51,0
2023-06-14 16:48:53,0
2023-06-14 16:48:53,0
2023-06-14 16:48:59,61
2023-06-14 16:49:01,61
2023-06-14 16:49:01,61
2023-06-14 16:49:03,69
2023-06-14 16:49:03,69
2023-06-14 16:49:05,69
2023-06-14 16:49:05,69
2023-06-14 16:49:07,69
2023-06-14 16:49:07,69
2023-06-14 16:49:09,69
2023-06-14 16:49:09,69
2023-06-14 16:49:11,69
2023-06-14 16:49:11,69
2023-06-14 16:49:13,69
2023-06-14 16:49:13,69
2023-06-14 16:49:15,69
2023-06-14 16:49:15,69
2023-06-14 16:49:21,61
2023-06-14 16:49:23,69
2023-06-14 16:49:23,69
2023-06-14 16:49:25,69
2023-06-14 16:49:25,69
2023-06-14 16:49:27,61
2023-06-14 16:49:27,61
2023-06-14 16:49:29,69
2023-06-14 16:49:29,69
2023-06-14 16:49:31,61
2023-06-14 16:49:31,61
2023-06-14 16:49:33,69
2023-06-14 16:49:33,69
2023-06-14 16:49:35,61
2023-06-14 16:49:35,61
2023-06-14 16:49:37,69
2023-06-14 16:49:37,69
2023-06-14 16:49:39,61
2023-06-14 16:49:39,61
2023-06-14 16:49:41,61
2023-06-14 16:49:41,61
2023-06-14 16:49:43,69
2023-06-14 16:49:43,69
2023-06-14 16:49:45,61
2023-06-14 16:49:45,61
2023-06-14 16:49:47,69
2023-06-14 16:49:47,69
2023-06-14 16:49:49,61
2023-06-14 16:49:49,61
2023-06-14 16:49:51,61
2023-06-14 16:49:51,61
2023-06-14 16:49:53,61
2023-06-14 16:49:53,61
2023-06-14 16:49:55,61
2023-06-14 16:49:55,61
2023-06-14 16:49:57,61
2023-06-14 16:49:57,61
2023-06-14 16:49:59,61
2023-06-14 16:49:59,61
2023-06-14 16:50:01,61
2023-06-14 16:50:01,61
2023-06-14 16:50:03,61
2023-06-14 16:50:03,61
2023-06-14 16:50:05,76
2023-06-14 16:50:05,76
2023-06-14 16:50:07,69
2023-06-14 16:50:07,69
2023-06-14 16:50:09,61
2023-06-14 16:50:09,61
2023-06-14 16:50:11,69
2023-06-14 16:50:11,69
2023-06-14 16:50:13,69
2023-06-14 16:50:13,69
2023-06-14 16:50:15,61
2023-06-14 16:50:15,61
2023-06-14 16:50:17,69
2023-06-14 16:50:17,69
2023-06-14 16:50:19,61
2023-06-14 16:50:19,61
2023-06-14 16:50:21,61
2023-06-14 16:50:21,61
2023-06-14 16:50:23,53
2023-06-14 16:50:23,53
2023-06-14 16:50:25,45
2023-06-14 16:50:25,45
2023-06-14 16:50:27,45
2023-06-14 16:50:27,45
2023-06-14 16:50:29,53
2023-06-14 16:50:29,53
2023-06-14 16:50:31,45
2023-06-14 16:50:31,45
2023-06-14 16:50:33,53
2023-06-14 16:50:33,53
2023-06-14 16:50:35,45
2023-06-14 16:50:35,45
2023-06-14 16:50:37,45
2023-06-14 16:50:37,45
2023-06-14 16:50:39,53
2023-06-14 16:50:39,53
2023-06-14 16:50:41,45
2023-06-14 16:50:41,45
2023-06-14 16:50:43,53
2023-06-14 16:50:43,53
2023-06-14 16:50:45,53
2023-06-14 16:50:45,53
2023-06-14 16:50:47,45
2023-06-14 16:50:47,45
2023-06-14 16:50:49,53
2023-06-14 16:50:49,53
2023-06-14 16:50:51,53
2023-06-14 16:50:51,53
2023-06-14 16:50:53,45
2023-06-14 16:50:53,45
2023-06-14 16:50:55,53
2023-06-14 16:50:55,53
2023-06-14 16:50:57,76
2023-06-14 16:50:57,76
2023-06-14 16:50:59,61
2023-06-14 16:50:59,61
2023-06-14 16:51:01,69
2023-06-14 16:51:01,69
2023-06-14 16:51:03,69
2023-06-14 16:51:03,69
2023-06-14 16:51:05,69
2023-06-14 16:51:05,69
2023-06-14 16:51:07,69
2023-06-14 16:51:07,69
2023-06-14 16:51:09,69
2023-06-14 16:51:09,69
2023-06-14 16:51:11,69
2023-06-14 16:51:11,69
2023-06-14 16:51:13,69
2023-06-14 16:51:13,69
2023-06-14 16:51:15,69
2023-06-14 16:51:15,69
2023-06-14 16:51:17,69
2023-06-14 16:51:17,69
2023-06-14 16:51:19,69
2023-06-14 16:51:19,69
2023-06-14 16:51:21,69
2023-06-14 16:51:21,69
2023-06-14 16:51:23,61
2023-06-14 16:51:23,61
2023-06-14 16:51:25,69
2023-06-14 16:51:25,69
2023-06-14 16:51:27,69
2023-06-14 16:51:27,69
2023-06-14 16:51:29,76
2023-06-14 16:51:29,76
2023-06-14 16:51:31,69
2023-06-14 16:51:31,69
2023-06-14 16:51:33,61
2023-06-14 16:51:33,61
2023-06-14 16:51:35,69
2023-06-14 16:51:35,69
2023-06-14 16:51:37,69
2023-06-14 16:51:37,69
2023-06-14 16:51:39,69
2023-06-14 16:51:39,69
2023-06-14 16:51:41,61
2023-06-14 16:51:41,61
2023-06-14 16:51:43,61
2023-06-14 16:51:43,61
2023-06-14 16:51:45,69
2023-06-14 16:51:45,69
2023-06-14 16:51:47,69
2023-06-14 16:51:47,69
2023-06-14 16:51:49,69
2023-06-14 16:51:49,69
2023-06-14 16:51:51,61
2023-06-14 16:51:51,61
2023-06-14 16:51:53,61
2023-06-14 16:51:53,61
2023-06-14 16:51:55,69
2023-06-14 16:51:55,69
2023-06-14 16:51:57,61
2023-06-14 16:51:57,61
2023-06-14 16:51:59,69
2023-06-14 16:51:59,69
2023-06-14 16:52:01,69
2023-06-14 16:52:01,69
2023-06-14 16:52:03,61
2023-06-14 16:52:03,61
2023-06-14 16:52:05,69
2023-06-14 16:52:05,69
2023-06-14 16:52:07,69
2023-06-14 16:52:07,69
2023-06-14 16:52:09,61
2023-06-14 16:52:09,61
2023-06-14 16:52:11,69
2023-06-14 16:52:11,69
2023-06-14 16:52:14,69
2023-06-14 16:52:14,69
2023-06-14 16:52:16,69
2023-06-14 16:52:16,69
2023-06-14 16:52:17,69
2023-06-14 16:52:17,69
2023-06-14 16:52:19,61
2023-06-14 16:52:19,61
2023-06-14 16:52:21,61
2023-06-14 16:52:21,61
2023-06-14 16:52:23,61
2023-06-14 16:52:23,61
2023-06-14 16:52:25,61
2023-06-14 16:52:25,61
2023-06-14 16:52:29,69
2023-06-14 16:52:29,69
2023-06-14 16:52:39,69
2023-06-14 16:52:39,69
2023-06-14 16:52:39,69
2023-06-14 16:52:39,69
2023-06-14 16:52:39,69
2023-06-14 16:52:39,69
2023-06-14 16:52:39,61
2023-06-14 16:52:39,61
2023-06-14 16:52:39,61
2023-06-14 16:52:39,61
2023-06-14 16:52:39,69
2023-06-14 16:52:39,69
2023-06-14 16:52:41,61
2023-06-14 16:52:41,61
2023-06-14 16:52:43,69
2023-06-14 16:52:43,69
2023-06-14 16:52:45,69
2023-06-14 16:52:45,69
2023-06-14 16:52:47,61
2023-06-14 16:52:47,61
2023-06-14 16:52:49,69
2023-06-14 16:52:49,69
2023-06-14 16:52:51,61
2023-06-14 16:52:51,61
2023-06-14 16:52:53,61
2023-06-14 16:52:53,61
2023-06-14 16:52:55,69
2023-06-14 16:52:55,69
2023-06-14 16:52:57,61
2023-06-14 16:52:57,61
2023-06-14 16:52:59,69
2023-06-14 16:52:59,69
2023-06-14 16:53:01,69
2023-06-14 16:53:01,69
2023-06-14 16:53:03,61
2023-06-14 16:53:03,61
2023-06-14 16:53:05,69
2023-06-14 16:53:05,69
2023-06-14 16:53:07,69
2023-06-14 16:53:07,69
2023-06-14 16:53:09,69
2023-06-14 16:53:09,69
2023-06-14 16:53:11,61
2023-06-14 16:53:11,61
2023-06-14 16:53:13,69
2023-06-14 16:53:13,69
2023-06-14 16:53:15,61
2023-06-14 16:53:15,61
2023-06-14 16:53:17,69
2023-06-14 16:53:17,69
2023-06-14 16:53:19,69
2023-06-14 16:53:19,69
2023-06-14 16:53:21,61
2023-06-14 16:53:21,61
2023-06-14 16:53:23,69
2023-06-14 16:53:23,69
2023-06-14 16:53:25,61
2023-06-14 16:53:25,61
2023-06-14 16:53:27,69
2023-06-14 16:53:27,69
2023-06-14 16:53:29,69
2023-06-14 16:53:29,69
2023-06-14 16:53:31,69
2023-06-14 16:53:31,69
2023-06-14 16:53:33,69
2023-06-14 16:53:33,69
2023-06-14 16:53:35,69
2023-06-14 16:53:35,69
2023-06-14 16:53:37,69
2023-06-14 16:53:37,69
2023-06-14 16:53:39,69
2023-06-14 16:53:39,69
2023-06-14 16:53:41,61
2023-06-14 16:53:41,61
2023-06-14 16:53:43,69
2023-06-14 16:53:43,69
2023-06-14 16:53:45,69
2023-06-14 16:53:45,69
2023-06-14 16:53:47,61
2023-06-14 16:53:47,61
2023-06-14 16:53:49,69
2023-06-14 16:53:49,69
2023-06-14 16:53:51,69
2023-06-14 16:53:51,69
2023-06-14 16:53:53,69
2023-06-14 16:53:53,69
2023-06-14 16:53:55,69
2023-06-14 16:53:55,69
2023-06-14 16:53:57,61
2023-06-14 16:53:57,61
2023-06-14 16:53:59,69
2023-06-14 16:53:59,69
2023-06-14 16:54:01,69
2023-06-14 16:54:01,69
2023-06-14 16:54:03,61
2023-06-14 16:54:03,61
2023-06-14 16:54:05,61
2023-06-14 16:54:05,61
2023-06-14 16:54:07,61
2023-06-14 16:54:07,61
2023-06-14 16:54:09,69
2023-06-14 16:54:09,69
2023-06-14 16:54:11,69
2023-06-14 16:54:11,69
2023-06-14 16:54:13,61
2023-06-14 16:54:13,61
2023-06-14 16:54:15,61
2023-06-14 16:54:15,61
2023-06-14 16:54:17,61
2023-06-14 16:54:17,61
2023-06-14 16:54:19,61
2023-06-14 16:54:19,61
2023-06-14 16:54:21,61
2023-06-14 16:54:21,61
2023-06-14 16:54:23,61
2023-06-14 16:54:23,61
2023-06-14 16:54:25,69
2023-06-14 16:54:25,69
2023-06-14 16:54:27,61
2023-06-14 16:54:27,61
2023-06-14 16:54:29,69
2023-06-14 16:54:29,69
2023-06-14 16:54:31,61
2023-06-14 16:54:31,61
2023-06-14 16:54:33,69
2023-06-14 16:54:33,69
2023-06-14 16:54:35,69
2023-06-14 16:54:35,69
2023-06-14 16:54:37,69
2023-06-14 16:54:37,69
2023-06-14 16:54:39,61
2023-06-14 16:54:39,61
2023-06-14 16:54:41,69
2023-06-14 16:54:41,69
2023-06-14 16:54:43,69
2023-06-14 16:54:43,69
2023-06-14 16:54:45,69
2023-06-14 16:54:45,69
2023-06-14 16:54:47,61
2023-06-14 16:54:47,61
2023-06-14 16:54:49,61
2023-06-14 16:54:49,61
2023-06-14 16:54:51,61
2023-06-14 16:54:51,61
2023-06-14 16:54:53,61
2023-06-14 16:54:53,61
2023-06-14 16:54:55,69
2023-06-14 16:54:55,69
2023-06-14 16:54:57,69
2023-06-14 16:54:57,69
2023-06-14 16:54:59,69
2023-06-14 16:54:59,69
2023-06-14 16:55:01,69
2023-06-14 16:55:01,69
2023-06-14 16:55:03,69
2023-06-14 16:55:03,69
2023-06-14 16:55:05,61
2023-06-14 16:55:05,61
2023-06-14 16:55:07,69
2023-06-14 16:55:07,69
2023-06-14 16:55:09,61
2023-06-14 16:55:09,61
2023-06-14 16:55:11,69
2023-06-14 16:55:11,69
2023-06-14 16:55:13,69
2023-06-14 16:55:13,69
2023-06-14 16:55:15,69
2023-06-14 16:55:15,69
2023-06-14 16:55:17,69
2023-06-14 16:55:17,69
2023-06-14 16:55:19,61
2023-06-14 16:55:19,61
2023-06-14 16:55:21,69
2023-06-14 16:55:21,69
2023-06-14 16:55:23,69
2023-06-14 16:55:23,69
2023-06-14 16:55:25,69
2023-06-14 16:55:25,69
2023-06-14 16:55:27,61
2023-06-14 16:55:27,61
2023-06-14 16:55:29,69
2023-06-14 16:55:29,69
2023-06-14 16:55:31,69
2023-06-14 16:55:31,69
2023-06-14 16:55:33,69
2023-06-14 16:55:33,69
2023-06-14 16:55:35,69
2023-06-14 16:55:35,69
2023-06-14 16:55:37,69
2023-06-14 16:55:37,69
2023-06-14 16:55:39,69
2023-06-14 16:55:39,69
2023-06-14 16:55:41,69
2023-06-14 16:55:41,69
2023-06-14 16:55:43,69
2023-06-14 16:55:43,69
2023-06-14 16:55:45,61
2023-06-14 16:55:45,61
2023-06-14 16:55:47,69
2023-06-14 16:55:47,69
2023-06-14 16:55:49,69
2023-06-14 16:55:49,69
2023-06-14 16:55:51,69
2023-06-14 16:55:51,69
2023-06-14 16:55:53,69
2023-06-14 16:55:53,69
2023-06-14 16:55:55,69
2023-06-14 16:55:55,69
2023-06-14 16:55:57,69
2023-06-14 16:55:57,69
2023-06-14 16:55:59,69
2023-06-14 16:55:59,69
2023-06-14 16:56:01,61
2023-06-14 16:56:01,61
2023-06-14 16:56:03,69
2023-06-14 16:56:03,69
2023-06-14 16:56:05,69
2023-06-14 16:56:05,69
2023-06-14 16:56:07,61
2023-06-14 16:56:07,61
2023-06-14 16:56:09,61
2023-06-14 16:56:09,61
2023-06-14 16:56:11,69
2023-06-14 16:56:11,69
2023-06-14 16:56:13,61
2023-06-14 16:56:13,61
2023-06-14 16:56:15,61
2023-06-14 16:56:15,61
2023-06-14 16:56:17,69
2023-06-14 16:56:17,69
2023-06-14 16:56:19,61
2023-06-14 16:56:19,61
2023-06-14 16:56:21,69
2023-06-14 16:56:21,69
2023-06-14 16:56:23,61
2023-06-14 16:56:23,61
2023-06-14 16:56:25,69
2023-06-14 16:56:25,69
2023-06-14 16:56:27,69
2023-06-14 16:56:27,69
2023-06-14 16:56:29,69
2023-06-14 16:56:29,69
2023-06-14 16:56:31,61
2023-06-14 16:56:31,61
2023-06-14 17:05:14,69
2023-06-14 17:05:17,69
2023-06-14 17:05:18,69
2023-06-14 17:05:20,76
2023-06-14 17:05:20,76
2023-06-14 17:05:22,69
2023-06-14 17:05:22,69
2023-06-14 17:05:24,69
2023-06-14 17:05:24,69
2023-06-14 17:05:26,69
2023-06-14 17:05:26,69
2023-06-14 17:05:28,69
2023-06-14 17:05:28,69
2023-06-14 17:05:30,61
2023-06-14 17:05:30,61
2023-06-14 17:05:32,69
2023-06-14 17:05:32,69
2023-06-14 17:05:34,69
2023-06-14 17:05:34,69
2023-06-14 17:05:36,69
2023-06-14 17:05:36,69
2023-06-14 17:05:38,61
2023-06-14 17:05:38,61
2023-06-14 17:05:40,69
2023-06-14 17:05:40,69
2023-06-14 17:05:42,69
2023-06-14 17:05:42,69
2023-06-14 17:05:44,69
2023-06-14 17:05:44,69
2023-06-14 17:05:46,69
2023-06-14 17:05:46,69
2023-06-14 17:05:48,69
2023-06-14 17:05:48,69
2023-06-14 17:05:50,69
2023-06-14 17:05:50,69
2023-06-14 17:05:52,69
2023-06-14 17:05:52,69
2023-06-14 17:05:54,69
2023-06-14 17:05:54,69
2023-06-14 17:05:56,61
2023-06-14 17:05:56,61
2023-06-14 17:05:58,69
2023-06-14 17:05:58,69
2023-06-14 17:06:00,69
2023-06-14 17:06:00,69
2023-06-14 17:06:02,69
2023-06-14 17:06:02,69
2023-06-14 17:06:04,76
2023-06-14 17:06:04,76
2023-06-14 17:06:06,69
2023-06-14 17:06:06,69
2023-06-14 17:06:19,61
2023-06-14 17:06:20,69
2023-06-14 17:06:22,61
2023-06-14 17:06:24,69
2023-06-14 17:06:26,69
2023-06-14 17:06:26,69
2023-06-14 17:06:29,69
2023-06-14 17:06:29,69
2023-06-14 17:06:30,61
2023-06-14 17:06:30,61
2023-06-14 17:06:33,69
2023-06-14 17:06:33,69
2023-06-14 17:06:34,69
2023-06-14 17:06:34,69
2023-06-14 17:06:36,61
2023-06-14 17:06:36,61
2023-06-14 17:06:38,69
2023-06-14 17:06:38,69
2023-06-14 17:06:40,69
2023-06-14 17:06:40,69
2023-06-14 17:06:42,69
2023-06-14 17:06:42,69
2023-06-14 17:06:44,69
2023-06-14 17:06:44,69
2023-06-14 17:06:46,69
2023-06-14 17:06:46,69
2023-06-14 17:06:48,69
2023-06-14 17:06:48,69
2023-06-14 17:06:50,69
2023-06-14 17:06:50,69
2023-06-14 17:06:52,69
2023-06-14 17:06:52,69
2023-06-14 17:06:54,69
2023-06-14 17:06:54,69
2023-06-14 17:06:56,61
2023-06-14 17:06:56,61
2023-06-14 17:06:58,69
2023-06-14 17:06:58,69
2023-06-14 17:07:00,69
2023-06-14 17:07:00,69
2023-06-14 17:07:02,61
2023-06-14 17:07:02,61
2023-06-14 17:07:04,61
2023-06-14 17:07:04,61
2023-06-14 17:07:06,69
2023-06-14 17:07:06,69
2023-06-14 17:07:08,61
2023-06-14 17:07:08,61
2023-06-14 17:07:10,69
2023-06-14 17:07:10,69
2023-06-14 17:07:12,69
2023-06-14 17:07:12,69
2023-06-14 17:07:14,69
2023-06-14 17:07:14,69
2023-06-14 17:07:16,69
2023-06-14 17:07:16,69
2023-06-14 17:07:18,61
2023-06-14 17:07:18,61
2023-06-14 17:07:20,69
2023-06-14 17:07:20,69
2023-06-14 17:07:22,69
2023-06-14 17:07:22,69
2023-06-14 17:07:24,61
2023-06-14 17:07:24,61
2023-06-14 17:07:26,69
2023-06-14 17:07:26,69
2023-06-14 17:07:28,61
2023-06-14 17:07:28,61
2023-06-14 17:07:30,61
2023-06-14 17:07:30,61
2023-06-14 17:07:32,61
2023-06-14 17:07:32,61
2023-06-14 17:07:34,61
2023-06-14 17:07:34,61
2023-06-14 17:07:36,61
2023-06-14 17:07:36,61
2023-06-14 17:07:38,76
2023-06-14 17:07:38,76
2023-06-14 17:07:40,69
2023-06-14 17:07:40,69
2023-06-14 17:07:42,61
2023-06-14 17:07:42,61
2023-06-14 17:07:44,69
2023-06-14 17:07:44,69
2023-06-14 17:07:46,69
2023-06-14 17:07:46,69
2023-06-14 17:07:48,69
2023-06-14 17:07:48,69
2023-06-14 17:07:50,61
2023-06-14 17:07:50,61
2023-06-14 17:07:52,69
2023-06-14 17:07:52,69
2023-06-14 17:07:54,69
2023-06-14 17:07:54,69
2023-06-14 17:07:56,61
2023-06-14 17:07:56,61
2023-06-14 17:07:58,69
2023-06-14 17:07:58,69
2023-06-14 17:08:00,69
2023-06-14 17:08:00,69
2023-06-14 17:08:02,69
2023-06-14 17:08:02,69
2023-06-14 17:08:04,69
2023-06-14 17:08:04,69
2023-06-14 17:08:06,69
2023-06-14 17:08:06,69
2023-06-14 17:08:08,69
2023-06-14 17:08:08,69
2023-06-14 17:08:10,69
2023-06-14 17:08:10,69
2023-06-14 17:08:12,69
2023-06-14 17:08:12,69
2023-06-14 17:08:14,69
2023-06-14 17:08:14,69
2023-06-14 17:08:16,69
2023-06-14 17:08:16,69
2023-06-14 17:08:18,69
2023-06-14 17:08:18,69
2023-06-14 17:08:20,69
2023-06-14 17:08:20,69
2023-06-14 17:08:22,69
2023-06-14 17:08:22,69
2023-06-14 17:08:24,69
2023-06-14 17:08:24,69
2023-06-14 17:08:26,61
2023-06-14 17:08:26,61
2023-06-14 17:08:28,69
2023-06-14 17:08:28,69
2023-06-14 17:08:30,69
2023-06-14 17:08:30,69
2023-06-14 17:08:32,69
2023-06-14 17:08:32,69
2023-06-14 17:08:34,61
2023-06-14 17:08:34,61
2023-06-14 17:08:36,69
2023-06-14 17:08:36,69
2023-06-14 17:08:38,69
2023-06-14 17:08:38,69
2023-06-14 17:08:40,69
2023-06-14 17:08:40,69
2023-06-14 17:08:42,61
2023-06-14 17:08:42,61
2023-06-14 17:08:44,69
2023-06-14 17:08:44,69
2023-06-14 17:08:46,69
2023-06-14 17:08:46,69
2023-06-14 17:08:48,61
2023-06-14 17:08:48,61
2023-06-14 17:08:50,69
2023-06-14 17:08:50,69
2023-06-14 17:08:52,69
2023-06-14 17:08:52,69
2023-06-14 17:08:54,61
2023-06-14 17:08:54,61
2023-06-14 17:08:56,69
2023-06-14 17:08:56,69
2023-06-14 17:08:58,69
2023-06-14 17:08:58,69
2023-06-14 17:09:00,69
2023-06-14 17:09:00,69
2023-06-14 17:09:02,69
2023-06-14 17:09:02,69
2023-06-14 17:09:04,69
2023-06-14 17:09:04,69
2023-06-14 17:09:06,69
2023-06-14 17:09:06,69
2023-06-14 17:09:08,69
2023-06-14 17:09:08,69
2023-06-14 17:09:10,69
2023-06-14 17:09:10,69
2023-06-14 17:09:12,61
2023-06-14 17:09:12,61
2023-06-14 17:09:14,69
2023-06-14 17:09:14,69
2023-06-14 17:09:16,69
2023-06-14 17:09:16,69
2023-06-14 17:09:18,145
2023-06-14 17:09:18,145
2023-06-14 17:09:20,69
2023-06-14 17:09:20,69
2023-06-14 17:09:22,69
2023-06-14 17:09:22,69
2023-06-14 17:09:24,69
2023-06-14 17:09:24,69
2023-06-14 17:09:26,69
2023-06-14 17:09:26,69
2023-06-14 17:09:28,69
2023-06-14 17:09:28,69
2023-06-14 17:09:30,61
2023-06-14 17:09:30,61
2023-06-14 17:09:32,69
2023-06-14 17:09:32,69
2023-06-14 17:09:34,69
2023-06-14 17:09:34,69
2023-06-14 17:09:36,69
2023-06-14 17:09:36,69
2023-06-14 17:09:38,61
2023-06-14 17:09:38,61
2023-06-14 17:09:40,61
2023-06-14 17:09:40,61
2023-06-14 17:09:42,69
2023-06-14 17:09:42,69
2023-06-14 17:09:44,69
2023-06-14 17:09:44,69
2023-06-14 17:09:46,69
2023-06-14 17:09:46,69
2023-06-14 17:09:48,69
2023-06-14 17:09:48,69
2023-06-14 17:09:50,69
2023-06-14 17:09:50,69
2023-06-14 17:09:52,76
2023-06-14 17:09:52,76
2023-06-14 17:09:54,69
2023-06-14 17:09:54,69
2023-06-14 17:09:56,69
2023-06-14 17:09:56,69
2023-06-14 17:09:58,69
2023-06-14 17:09:58,69
2023-06-14 17:10:00,61
2023-06-14 17:10:00,61
2023-06-14 17:10:02,69
2023-06-14 17:10:02,69
2023-06-14 17:10:04,69
2023-06-14 17:10:04,69
2023-06-14 17:10:06,69
2023-06-14 17:10:06,69
2023-06-14 17:10:08,69
2023-06-14 17:10:08,69
2023-06-14 17:10:10,61
2023-06-14 17:10:10,61
2023-06-14 17:10:12,69
2023-06-14 17:10:12,69
2023-06-14 17:10:14,69
2023-06-14 17:10:14,69
2023-06-14 17:10:16,69
2023-06-14 17:10:16,69
2023-06-14 17:10:18,61
2023-06-14 17:10:18,61
2023-06-14 17:10:20,76
2023-06-14 17:10:20,76
2023-06-14 17:10:22,69
2023-06-14 17:10:22,69
2023-06-14 17:10:24,69
2023-06-14 17:10:24,69
2023-06-14 17:10:26,69
2023-06-14 17:10:26,69
2023-06-14 17:10:28,69
2023-06-14 17:10:28,69
2023-06-14 17:10:30,69
2023-06-14 17:10:30,69
2023-06-14 17:10:32,69
2023-06-14 17:10:32,69
2023-06-14 17:10:34,69
2023-06-14 17:10:34,69
2023-06-14 17:10:36,69
2023-06-14 17:10:36,69
2023-06-14 17:10:38,61
2023-06-14 17:10:38,61
2023-06-14 17:10:40,61
2023-06-14 17:10:40,61
2023-06-14 17:10:42,61
2023-06-14 17:10:42,61
2023-06-14 17:10:44,61
2023-06-14 17:10:44,61
2023-06-14 17:10:46,61
2023-06-14 17:10:46,61
2023-06-14 17:10:48,61
2023-06-14 17:10:48,61
2023-06-14 17:10:50,61
2023-06-14 17:10:50,61
2023-06-14 17:10:52,69
2023-06-14 17:10:52,69
2023-06-14 17:10:54,69
2023-06-14 17:10:54,69
2023-06-14 17:10:56,69
2023-06-14 17:10:56,69
2023-06-14 17:10:58,69
2023-06-14 17:10:58,69
2023-06-14 17:11:00,69
2023-06-14 17:11:00,69
2023-06-14 17:11:02,69
2023-06-14 17:11:02,69
2023-06-14 17:11:04,61
2023-06-14 17:11:04,61
2023-06-14 17:11:06,69
2023-06-14 17:11:06,69
2023-06-14 17:11:08,69
2023-06-14 17:11:08,69
2023-06-14 17:11:10,69
2023-06-14 17:11:10,69
2023-06-14 17:11:12,76
2023-06-14 17:11:12,76
2023-06-14 17:11:30,69
2023-06-14 17:11:32,69
2023-06-14 17:11:34,69
2023-06-14 17:11:36,61
2023-06-14 17:11:36,61
2023-06-14 17:11:38,69
2023-06-14 17:11:38,69
2023-06-14 17:11:40,61
2023-06-14 17:11:40,61
2023-06-14 17:11:42,61
2023-06-14 17:11:42,61
2023-06-14 17:11:44,69
2023-06-14 17:11:44,69
2023-06-14 17:11:46,69
2023-06-14 17:11:46,69
2023-06-14 17:11:48,61
2023-06-14 17:11:48,61
2023-06-14 17:11:50,69
2023-06-14 17:11:50,69
2023-06-14 17:11:52,61
2023-06-14 17:11:52,61
2023-06-14 17:11:54,61
2023-06-14 17:11:54,61
2023-06-14 17:11:56,61
2023-06-14 17:11:56,61
2023-06-14 17:11:58,61
2023-06-14 17:11:58,61
2023-06-14 17:12:01,69
2023-06-14 17:12:01,69
2023-06-14 17:12:02,69
2023-06-14 17:12:02,69
2023-06-14 17:12:04,69
2023-06-14 17:12:04,69
2023-06-14 17:12:06,69
2023-06-14 17:12:06,69
2023-06-14 17:12:08,69
2023-06-14 17:12:08,69
2023-06-14 17:12:10,61
2023-06-14 17:12:10,61
2023-06-14 17:12:44,69
2023-06-14 17:12:46,69
2023-06-14 17:12:48,69
2023-06-14 17:12:50,69
2023-06-14 17:12:52,61
2023-06-14 17:12:52,61
2023-06-14 17:12:54,69
2023-06-14 17:12:54,69
2023-06-14 17:12:56,69
2023-06-14 17:12:56,69
2023-06-14 17:12:58,69
2023-06-14 17:12:58,69
2023-06-14 17:13:00,69
2023-06-14 17:13:00,69
2023-06-14 17:13:02,69
2023-06-14 17:13:02,69
2023-06-14 17:13:04,69
2023-06-14 17:13:04,69
2023-06-14 17:13:06,61
2023-06-14 17:13:06,61
2023-06-14 17:13:08,69
2023-06-14 17:13:08,69
2023-06-14 17:13:10,61
2023-06-14 17:13:10,61
2023-06-14 17:13:12,61
2023-06-14 17:13:12,61
2023-06-14 17:13:14,69
2023-06-14 17:13:14,69
2023-06-14 17:13:16,69
2023-06-14 17:13:16,69
2023-06-14 17:13:18,69
2023-06-14 17:13:18,69
2023-06-14 17:13:20,69
2023-06-14 17:13:20,69
2023-06-14 17:13:22,69
2023-06-14 17:13:22,69
2023-06-14 17:13:24,69
2023-06-14 17:13:24,69
2023-06-14 17:13:26,69
2023-06-14 17:13:26,69
2023-06-14 17:13:28,69
2023-06-14 17:13:28,69
2023-06-14 17:13:30,69
2023-06-14 17:13:30,69
2023-06-14 17:13:32,69
2023-06-14 17:13:32,69
2023-06-14 17:13:34,76
2023-06-14 17:13:34,76
2023-06-14 17:13:36,69
2023-06-14 17:13:36,69
2023-06-14 17:13:38,69
2023-06-14 17:13:38,69
2023-06-14 17:13:40,69
2023-06-14 17:13:40,69
2023-06-14 17:13:42,69
2023-06-14 17:13:42,69
2023-06-14 17:13:44,69
2023-06-14 17:13:44,69
2023-06-14 17:13:46,76
2023-06-14 17:13:46,76
2023-06-14 17:13:48,69
2023-06-14 17:13:48,69
2023-06-14 17:13:50,69
2023-06-14 17:13:50,69
2023-06-14 17:13:52,69
2023-06-14 17:13:52,69
2023-06-14 17:13:54,69
2023-06-14 17:13:54,69
2023-06-14 17:13:56,69
2023-06-14 17:13:56,69
2023-06-14 17:13:58,69
2023-06-14 17:13:58,69
2023-06-14 17:14:00,69
2023-06-14 17:14:00,69
2023-06-14 17:14:02,69
2023-06-14 17:14:02,69
2023-06-14 17:14:04,76
2023-06-14 17:14:04,76
2023-06-14 17:14:06,76
2023-06-14 17:14:06,76
2023-06-14 17:14:08,69
2023-06-14 17:14:08,69
2023-06-14 17:14:10,69
2023-06-14 17:14:10,69
2023-06-14 17:14:12,76
2023-06-14 17:14:12,76
2023-06-14 17:14:14,69
2023-06-14 17:14:14,69
2023-06-14 17:14:16,69
2023-06-14 17:14:16,69
2023-06-14 17:14:18,69
2023-06-14 17:14:18,69
2023-06-14 17:14:20,69
2023-06-14 17:14:20,69
2023-06-14 17:14:22,69
2023-06-14 17:14:22,69
2023-06-14 17:14:24,69
2023-06-14 17:14:24,69
2023-06-14 17:14:26,69
2023-06-14 17:14:26,69
2023-06-14 17:14:28,69
2023-06-14 17:14:28,69
2023-06-14 17:14:30,69
2023-06-14 17:14:30,69
2023-06-14 17:14:42,69
2023-06-14 17:14:44,69
2023-06-14 17:14:46,69
2023-06-14 17:14:48,69
2023-06-14 17:14:50,69
2023-06-14 17:14:50,69
2023-06-14 17:14:52,69
2023-06-14 17:14:52,69
2023-06-14 17:14:54,61
2023-06-14 17:14:54,61
2023-06-14 17:14:56,69
2023-06-14 17:14:56,69
2023-06-14 17:14:58,69
2023-06-14 17:14:58,69
2023-06-14 17:15:00,69
2023-06-14 17:15:00,69
2023-06-14 17:15:02,69
2023-06-14 17:15:02,69
2023-06-14 17:15:04,69
2023-06-14 17:15:04,69
2023-06-14 17:15:06,69
2023-06-14 17:15:06,69
2023-06-14 17:15:08,69
2023-06-14 17:15:08,69
2023-06-14 17:15:10,69
2023-06-14 17:15:10,69
2023-06-14 17:15:12,69
2023-06-14 17:15:12,69
2023-06-14 17:15:14,69
2023-06-14 17:15:14,69
2023-06-14 17:15:16,69
2023-06-14 17:15:16,69
2023-06-14 17:15:18,61
2023-06-14 17:15:18,61
2023-06-14 17:15:20,69
2023-06-14 17:15:20,69
2023-06-14 17:15:22,69
2023-06-14 17:15:22,69
2023-06-14 17:15:24,69
2023-06-14 17:15:24,69
2023-06-14 17:15:26,69
2023-06-14 17:15:26,69
2023-06-14 17:15:28,61
2023-06-14 17:15:28,61
2023-06-14 17:15:30,69
2023-06-14 17:15:30,69
2023-06-14 17:15:32,61
2023-06-14 17:15:32,61
2023-06-14 17:15:34,69
2023-06-14 17:15:34,69
2023-06-14 17:15:36,61
2023-06-14 17:15:36,61
2023-06-14 17:15:38,69
2023-06-14 17:15:38,69
2023-06-14 17:15:40,69
2023-06-14 17:15:40,69
2023-06-14 17:15:42,69
2023-06-14 17:15:42,69
2023-06-14 17:15:44,69
2023-06-14 17:15:44,69
2023-06-14 17:15:46,69
2023-06-14 17:15:46,69
2023-06-14 17:15:48,69
2023-06-14 17:15:48,69
2023-06-14 17:15:50,76
2023-06-14 17:15:50,76
2023-06-14 17:15:52,69
2023-06-14 17:15:52,69
2023-06-14 17:15:54,69
2023-06-14 17:15:54,69
2023-06-14 17:15:56,69
2023-06-14 17:15:56,69
2023-06-14 17:15:58,69
2023-06-14 17:15:58,69
2023-06-14 17:16:00,69
2023-06-14 17:16:00,69
2023-06-14 17:16:02,69
2023-06-14 17:16:02,69
2023-06-14 17:16:04,69
2023-06-14 17:16:04,69
2023-06-14 17:16:06,69
2023-06-14 17:16:06,69
2023-06-14 17:16:08,76
2023-06-14 17:16:08,76
2023-06-14 17:16:10,69
2023-06-14 17:16:10,69
2023-06-14 17:16:12,69
2023-06-14 17:16:12,69
2023-06-14 17:16:14,61
2023-06-14 17:16:14,61
2023-06-14 17:16:16,69
2023-06-14 17:16:16,69
2023-06-14 17:16:18,69
2023-06-14 17:16:18,69
2023-06-14 17:16:20,69
2023-06-14 17:16:20,69
2023-06-14 17:16:22,61
2023-06-14 17:16:22,61
2023-06-14 17:16:24,69
2023-06-14 17:16:24,69
2023-06-14 17:16:26,69
2023-06-14 17:16:26,69
2023-06-14 17:16:28,69
2023-06-14 17:16:28,69
2023-06-14 17:16:30,69
2023-06-14 17:16:30,69
2023-06-14 17:16:32,76
2023-06-14 17:16:32,76
2023-06-14 17:16:34,69
2023-06-14 17:16:34,69
2023-06-14 17:16:36,76
2023-06-14 17:16:36,76
2023-06-14 17:16:38,69
2023-06-14 17:16:38,69
2023-06-14 17:16:40,69
2023-06-14 17:16:40,69
2023-06-14 17:16:42,61
2023-06-14 17:16:42,61
2023-06-14 17:16:44,69
2023-06-14 17:16:44,69
2023-06-14 17:16:46,61
2023-06-14 17:16:46,61
2023-06-14 17:16:48,69
2023-06-14 17:16:48,69
2023-06-14 17:16:50,69
2023-06-14 17:16:50,69
2023-06-14 17:16:52,69
2023-06-14 17:16:52,69
2023-06-14 17:16:56,69
2023-06-14 17:16:56,69
2023-06-14 17:16:56,69
2023-06-14 17:16:56,69
2023-06-14 17:16:58,69
2023-06-14 17:16:58,69
2023-06-14 17:17:00,69
2023-06-14 17:17:00,69
2023-06-14 17:17:02,69
2023-06-14 17:17:02,69
2023-06-14 17:17:04,69
2023-06-14 17:17:04,69
2023-06-14 17:17:06,69
2023-06-14 17:17:06,69
2023-06-14 17:17:08,69
2023-06-14 17:17:08,69
2023-06-14 17:17:10,69
2023-06-14 17:17:10,69
2023-06-14 17:17:12,69
2023-06-14 17:17:12,69
2023-06-14 17:17:14,61
2023-06-14 17:17:14,61
2023-06-14 17:17:16,69
2023-06-14 17:17:16,69
2023-06-14 17:17:18,76
2023-06-14 17:17:18,76
2023-06-14 17:17:20,69
2023-06-14 17:17:20,69
2023-06-14 17:17:22,69
2023-06-14 17:17:22,69
2023-06-14 17:17:24,69
2023-06-14 17:17:24,69
2023-06-14 17:17:26,76
2023-06-14 17:17:26,76
2023-06-14 17:17:28,69
2023-06-14 17:17:28,69
2023-06-14 17:17:30,69
2023-06-14 17:17:30,69
2023-06-14 17:17:32,69
2023-06-14 17:17:32,69
2023-06-14 17:17:34,69
2023-06-14 17:17:34,69
2023-06-14 17:17:36,69
2023-06-14 17:17:36,69
2023-06-14 17:17:38,69
2023-06-14 17:17:38,69
2023-06-14 17:17:40,69
2023-06-14 17:17:40,69
2023-06-14 17:17:42,61
2023-06-14 17:17:42,61
2023-06-14 17:17:44,69
2023-06-14 17:17:44,69
2023-06-14 17:17:46,69
2023-06-14 17:17:46,69
2023-06-14 17:17:48,69
2023-06-14 17:17:48,69
2023-06-14 17:17:50,69
2023-06-14 17:17:50,69
2023-06-14 17:17:52,69
2023-06-14 17:17:52,69
2023-06-14 17:17:54,76
2023-06-14 17:17:54,76
2023-06-14 17:17:56,69
2023-06-14 17:17:56,69
2023-06-14 17:17:58,61
2023-06-14 17:17:58,61
2023-06-14 17:18:00,69
2023-06-14 17:18:00,69
2023-06-14 17:18:02,69
2023-06-14 17:18:02,69
2023-06-14 17:18:04,69
2023-06-14 17:18:04,69
2023-06-14 17:18:06,69
2023-06-14 17:18:06,69
2023-06-14 17:18:08,69
2023-06-14 17:18:08,69
2023-06-14 17:18:10,69
2023-06-14 17:18:10,69
2023-06-14 17:18:12,69
2023-06-14 17:18:12,69
2023-06-14 17:18:14,69
2023-06-14 17:18:14,69
2023-06-14 17:18:16,69
2023-06-14 17:18:16,69
2023-06-14 17:18:18,69
2023-06-14 17:18:18,69
2023-06-14 17:18:20,69
2023-06-14 17:18:20,69
2023-06-14 17:18:22,69
2023-06-14 17:18:22,69
2023-06-14 17:18:24,69
2023-06-14 17:18:24,69
2023-06-14 17:18:26,69
2023-06-14 17:18:26,69
2023-06-14 17:18:28,69
2023-06-14 17:18:28,69
2023-06-14 17:18:30,69
2023-06-14 17:18:30,69
2023-06-14 17:18:32,69
2023-06-14 17:18:32,69
2023-06-14 17:18:34,69
2023-06-14 17:18:34,69
2023-06-14 17:18:36,61
2023-06-14 17:18:36,61
2023-06-14 17:18:38,69
2023-06-14 17:18:38,69
2023-06-14 17:18:40,69
2023-06-14 17:18:40,69
2023-06-14 17:18:42,69
2023-06-14 17:18:42,69
2023-06-14 17:18:44,69
2023-06-14 17:18:44,69
2023-06-14 17:18:46,61
2023-06-14 17:18:46,61
2023-06-14 17:18:48,69
2023-06-14 17:18:48,69
2023-06-14 17:18:50,76
2023-06-14 17:18:50,76
2023-06-14 17:18:52,76
2023-06-14 17:18:52,76
2023-06-14 17:18:54,69
2023-06-14 17:18:54,69
2023-06-14 17:18:58,69
2023-06-14 17:18:58,69
2023-06-14 17:18:58,61
2023-06-14 17:18:58,61
2023-06-14 17:19:00,69
2023-06-14 17:19:00,69
2023-06-14 17:19:02,69
2023-06-14 17:19:02,69
2023-06-14 17:19:04,69
2023-06-14 17:19:04,69
2023-06-14 17:19:06,69
2023-06-14 17:19:06,69
2023-06-14 17:19:08,69
2023-06-14 17:19:08,69
2023-06-14 17:19:10,69
2023-06-14 17:19:10,69
2023-06-14 17:19:12,69
2023-06-14 17:19:12,69
2023-06-14 17:19:14,69
2023-06-14 17:19:14,69
2023-06-14 17:19:16,69
2023-06-14 17:19:16,69
2023-06-14 17:19:18,69
2023-06-14 17:19:18,69
2023-06-14 17:19:20,69
2023-06-14 17:19:20,69
2023-06-14 17:19:22,69
2023-06-14 17:19:22,69
2023-06-14 17:19:24,69
2023-06-14 17:19:24,69
2023-06-14 17:19:26,69
2023-06-14 17:19:26,69
2023-06-14 17:19:28,76
2023-06-14 17:19:28,76
2023-06-14 17:19:30,69
2023-06-14 17:19:30,69
2023-06-14 17:19:32,69
2023-06-14 17:19:32,69
2023-06-14 17:19:34,69
2023-06-14 17:19:34,69
2023-06-14 17:19:37,69
2023-06-14 17:19:37,69
2023-06-14 17:19:39,76
2023-06-14 17:19:39,76
2023-06-14 17:19:40,69
2023-06-14 17:19:40,69
2023-06-14 17:19:42,61
2023-06-14 17:19:42,61
2023-06-14 17:19:44,69
2023-06-14 17:19:44,69
2023-06-14 17:19:46,61
2023-06-14 17:19:46,61
2023-06-14 17:19:48,69
2023-06-14 17:19:48,69
2023-06-14 17:19:50,69
2023-06-14 17:19:50,69
2023-06-14 17:19:52,69
2023-06-14 17:19:52,69
2023-06-14 17:19:54,69
2023-06-14 17:19:54,69
2023-06-14 17:19:56,69
2023-06-14 17:19:56,69
2023-06-14 17:19:58,69
2023-06-14 17:19:58,69
2023-06-14 17:20:00,69
2023-06-14 17:20:00,69
2023-06-14 17:20:02,69
2023-06-14 17:20:02,69
2023-06-14 17:20:04,69
2023-06-14 17:20:04,69
2023-06-14 17:20:06,61
2023-06-14 17:20:06,61
2023-06-14 17:20:08,69
2023-06-14 17:20:08,69
2023-06-14 17:20:10,69
2023-06-14 17:20:10,69
2023-06-14 17:20:12,61
2023-06-14 17:20:12,61
2023-06-14 17:20:14,69
2023-06-14 17:20:14,69
2023-06-14 17:20:16,69
2023-06-14 17:20:16,69
2023-06-14 17:20:18,69
2023-06-14 17:20:18,69
2023-06-14 17:20:20,69
2023-06-14 17:20:20,69
2023-06-14 17:20:22,69
2023-06-14 17:20:22,69
2023-06-14 17:20:24,69
2023-06-14 17:20:24,69
2023-06-14 17:20:26,69
2023-06-14 17:20:26,69
2023-06-14 17:20:28,61
2023-06-14 17:20:28,61
2023-06-14 17:20:30,61
2023-06-14 17:20:30,61
2023-06-14 17:20:32,69
2023-06-14 17:20:32,69
2023-06-14 17:20:34,76
2023-06-14 17:20:34,76
2023-06-14 17:20:36,69
2023-06-14 17:20:36,69
2023-06-14 17:20:38,76
2023-06-14 17:20:38,76
2023-06-14 17:20:40,76
2023-06-14 17:20:40,76
2023-06-14 17:20:42,69
2023-06-14 17:20:42,69
2023-06-14 17:20:44,76
2023-06-14 17:20:44,76
2023-06-14 17:20:46,69
2023-06-14 17:20:46,69
2023-06-14 17:20:48,69
2023-06-14 17:20:48,69
2023-06-14 17:20:50,61
2023-06-14 17:20:50,61
2023-06-14 17:20:52,69
2023-06-14 17:20:52,69
2023-06-14 17:20:54,69
2023-06-14 17:20:54,69
2023-06-14 17:20:56,69
2023-06-14 17:20:56,69
2023-06-14 17:20:58,69
2023-06-14 17:20:58,69
2023-06-14 17:21:00,76
2023-06-14 17:21:00,76
2023-06-14 17:21:02,76
2023-06-14 17:21:02,76
2023-06-14 17:21:04,69
2023-06-14 17:21:04,69
2023-06-14 17:21:06,76
2023-06-14 17:21:06,76
2023-06-14 17:21:08,69
2023-06-14 17:21:08,69
2023-06-14 17:21:10,76
2023-06-14 17:21:10,76
2023-06-14 17:21:12,69
2023-06-14 17:21:12,69
2023-06-14 17:21:14,61
2023-06-14 17:21:14,61
2023-06-14 17:21:16,61
2023-06-14 17:21:16,61
2023-06-14 17:21:18,69
2023-06-14 17:21:18,69
2023-06-14 17:21:20,69
2023-06-14 17:21:20,69
2023-06-14 17:21:22,69
2023-06-14 17:21:22,69
2023-06-14 17:21:24,76
2023-06-14 17:21:24,76
2023-06-14 17:21:26,69
2023-06-14 17:21:26,69
2023-06-14 17:21:28,69
2023-06-14 17:21:28,69
2023-06-14 17:21:32,69
2023-06-14 17:21:32,69
2023-06-14 17:21:32,69
2023-06-14 17:21:32,69
2023-06-14 17:21:34,69
2023-06-14 17:21:34,69
2023-06-14 17:21:36,69
2023-06-14 17:21:36,69
2023-06-14 17:21:38,69
2023-06-14 17:21:38,69
2023-06-14 17:21:40,69
2023-06-14 17:21:40,69
2023-06-14 17:21:42,69
2023-06-14 17:21:42,69
2023-06-14 17:21:44,69
2023-06-14 17:21:44,69
2023-06-14 17:21:46,69
2023-06-14 17:21:46,69
2023-06-14 17:21:48,69
2023-06-14 17:21:48,69
2023-06-14 17:21:50,61
2023-06-14 17:21:50,61
2023-06-14 17:21:52,76
2023-06-14 17:21:52,76
2023-06-14 17:21:54,69
2023-06-14 17:21:54,69
2023-06-14 17:21:56,76
2023-06-14 17:21:56,76
2023-06-14 17:21:58,76
2023-06-14 17:21:58,76
2023-06-14 17:22:01,69
2023-06-14 17:22:01,69
2023-06-14 17:22:02,69
2023-06-14 17:22:02,69
2023-06-14 17:22:04,69
2023-06-14 17:22:04,69
2023-06-14 17:22:06,69
2023-06-14 17:22:06,69
2023-06-14 17:22:08,69
2023-06-14 17:22:08,69
2023-06-14 17:22:10,69
2023-06-14 17:22:10,69
2023-06-14 17:22:12,61
2023-06-14 17:22:12,61
2023-06-14 17:22:14,61
2023-06-14 17:22:14,61
2023-06-14 17:22:16,61
2023-06-14 17:22:16,61
2023-06-14 17:22:18,69
2023-06-14 17:22:18,69
2023-06-14 17:22:20,69
2023-06-14 17:22:20,69
2023-06-14 17:22:22,69
2023-06-14 17:22:22,69
2023-06-14 17:22:24,76
2023-06-14 17:22:24,76
2023-06-14 17:22:26,69
2023-06-14 17:22:26,69
2023-06-14 17:22:28,69
2023-06-14 17:22:28,69
2023-06-14 17:22:30,61
2023-06-14 17:22:30,61
2023-06-14 17:22:32,69
2023-06-14 17:22:32,69
2023-06-14 17:22:34,69
2023-06-14 17:22:34,69
2023-06-14 17:22:36,69
2023-06-14 17:22:36,69
2023-06-14 17:22:38,76
2023-06-14 17:22:38,76
2023-06-14 17:22:40,76
2023-06-14 17:22:40,76
2023-06-14 17:22:42,69
2023-06-14 17:22:42,69
2023-06-14 17:22:44,69
2023-06-14 17:22:44,69
2023-06-14 17:22:46,69
2023-06-14 17:22:46,69
2023-06-14 17:22:48,69
2023-06-14 17:22:48,69
2023-06-14 17:22:50,69
2023-06-14 17:22:50,69
2023-06-14 17:22:52,69
2023-06-14 17:22:52,69
2023-06-14 17:22:54,69
2023-06-14 17:22:54,69
2023-06-14 17:22:56,69
2023-06-14 17:22:56,69
2023-06-14 17:22:58,61
2023-06-14 17:22:58,61
2023-06-14 17:23:00,69
2023-06-14 17:23:00,69
2023-06-14 17:23:02,76
2023-06-14 17:23:02,76
2023-06-14 17:23:09,69
2023-06-14 17:23:09,69
2023-06-14 17:23:09,76
2023-06-14 17:23:09,76
2023-06-14 17:23:09,69
2023-06-14 17:23:09,69
2023-06-14 17:23:10,69
2023-06-14 17:23:10,69
2023-06-14 17:23:12,69
2023-06-14 17:23:12,69
2023-06-14 17:23:14,69
2023-06-14 17:23:14,69
2023-06-14 17:23:16,69
2023-06-14 17:23:16,69
2023-06-14 17:23:18,69
2023-06-14 17:23:18,69
2023-06-14 17:23:20,69
2023-06-14 17:23:20,69
2023-06-14 17:23:22,69
2023-06-14 17:23:22,69
2023-06-14 17:23:24,69
2023-06-14 17:23:24,69
2023-06-14 17:23:26,69
2023-06-14 17:23:26,69
2023-06-14 17:23:28,69
2023-06-14 17:23:28,69
2023-06-14 17:23:30,69
2023-06-14 17:23:30,69
2023-06-14 17:23:32,69
2023-06-14 17:23:32,69
2023-06-14 17:23:34,69
2023-06-14 17:23:34,69
2023-06-14 17:23:36,69
2023-06-14 17:23:36,69
2023-06-14 17:23:38,69
2023-06-14 17:23:38,69
2023-06-14 17:23:40,69
2023-06-14 17:23:40,69
2023-06-14 17:23:42,69
2023-06-14 17:23:42,69
2023-06-14 17:23:44,69
2023-06-14 17:23:44,69
2023-06-14 17:23:46,69
2023-06-14 17:23:46,69
2023-06-14 17:23:48,69
2023-06-14 17:23:48,69
2023-06-14 17:23:50,69
2023-06-14 17:23:50,69
2023-06-14 17:23:52,69
2023-06-14 17:23:52,69
2023-06-14 17:23:54,69
2023-06-14 17:23:54,69
2023-06-14 17:23:56,69
2023-06-14 17:23:56,69
2023-06-14 17:23:58,69
2023-06-14 17:23:58,69
2023-06-14 17:24:00,76
2023-06-14 17:24:00,76
2023-06-14 17:24:02,69
2023-06-14 17:24:02,69
2023-06-14 17:24:04,69
2023-06-14 17:24:04,69
2023-06-14 17:24:06,76
2023-06-14 17:24:06,76
2023-06-14 17:24:08,76
2023-06-14 17:24:08,76
2023-06-14 17:24:10,61
2023-06-14 17:24:10,61
2023-06-14 17:24:12,69
2023-06-14 17:24:12,69
2023-06-14 17:24:14,76
2023-06-14 17:24:14,76
2023-06-14 17:24:16,69
2023-06-14 17:24:16,69
2023-06-14 17:24:18,76
2023-06-14 17:24:18,76
2023-06-14 17:24:20,69
2023-06-14 17:24:20,69
2023-06-14 17:24:22,69
2023-06-14 17:24:22,69
2023-06-14 17:24:24,69
2023-06-14 17:24:24,69
2023-06-14 17:24:26,69
2023-06-14 17:24:26,69
2023-06-14 17:24:28,69
2023-06-14 17:24:28,69
2023-06-14 17:24:30,61
2023-06-14 17:24:30,61
2023-06-14 17:24:33,69
2023-06-14 17:24:33,69
2023-06-14 17:24:34,61
2023-06-14 17:24:34,61
2023-06-14 17:24:36,69
2023-06-14 17:24:36,69
2023-06-14 17:24:38,61
2023-06-14 17:24:38,61
2023-06-14 17:24:40,69
2023-06-14 17:24:40,69
2023-06-14 17:24:44,61
2023-06-14 17:24:44,61
2023-06-14 17:24:45,69
2023-06-14 17:24:45,69
2023-06-14 17:24:46,69
2023-06-14 17:24:46,69
2023-06-14 17:24:48,69
2023-06-14 17:24:48,69
2023-06-14 17:24:50,69
2023-06-14 17:24:50,69
2023-06-14 17:24:52,69
2023-06-14 17:24:52,69
2023-06-14 17:24:54,69
2023-06-14 17:24:54,69
2023-06-14 17:24:56,61
2023-06-14 17:24:56,61
2023-06-14 17:25:00,61
2023-06-14 17:25:00,61
2023-06-14 17:25:00,61
2023-06-14 17:25:00,61
2023-06-14 17:25:02,69
2023-06-14 17:25:02,69
2023-06-14 17:25:04,69
2023-06-14 17:25:04,69
2023-06-14 17:25:06,69
2023-06-14 17:25:06,69
2023-06-14 17:25:08,69
2023-06-14 17:25:08,69
2023-06-14 17:25:10,69
2023-06-14 17:25:10,69
2023-06-14 17:25:12,69
2023-06-14 17:25:12,69
2023-06-14 17:25:14,69
2023-06-14 17:25:14,69
2023-06-14 17:25:16,61
2023-06-14 17:25:16,61
2023-06-14 17:25:18,61
2023-06-14 17:25:18,61
2023-06-14 17:25:20,61
2023-06-14 17:25:20,61
2023-06-14 17:25:23,61
2023-06-14 17:25:23,61
2023-06-14 17:25:24,69
2023-06-14 17:25:24,69
2023-06-14 17:25:26,61
2023-06-14 17:25:26,61
2023-06-14 17:25:28,69
2023-06-14 17:25:28,69
2023-06-14 17:25:30,69
2023-06-14 17:25:30,69
2023-06-14 17:25:32,69
2023-06-14 17:25:32,69
2023-06-14 17:25:34,69
2023-06-14 17:25:34,69
2023-06-14 17:25:36,69
2023-06-14 17:25:36,69
2023-06-14 17:25:38,61
2023-06-14 17:25:38,61
2023-06-14 17:25:40,69
2023-06-14 17:25:40,69
2023-06-14 17:25:42,69
2023-06-14 17:25:42,69
2023-06-14 17:25:44,61
2023-06-14 17:25:44,61
2023-06-14 17:25:46,69
2023-06-14 17:25:46,69
2023-06-14 17:25:48,69
2023-06-14 17:25:48,69
2023-06-14 17:25:50,76
2023-06-14 17:25:50,76
2023-06-14 17:25:52,61
2023-06-14 17:25:52,61
2023-06-14 17:25:54,69
2023-06-14 17:25:54,69
2023-06-14 17:25:56,69
2023-06-14 17:25:56,69
2023-06-14 17:25:58,69
2023-06-14 17:25:58,69
2023-06-14 17:26:00,69
2023-06-14 17:26:00,69
2023-06-14 17:26:02,69
2023-06-14 17:26:02,69
2023-06-14 17:26:04,69
2023-06-14 17:26:04,69
2023-06-14 17:26:06,69
2023-06-14 17:26:06,69
2023-06-14 17:26:08,69
2023-06-14 17:26:08,69
2023-06-14 17:26:10,69
2023-06-14 17:26:10,69
2023-06-14 17:26:12,69
2023-06-14 17:26:12,69
2023-06-14 17:26:14,69
2023-06-14 17:26:14,69
2023-06-14 17:26:16,69
2023-06-14 17:26:16,69
2023-06-14 17:26:18,69
2023-06-14 17:26:18,69
2023-06-14 17:26:20,69
2023-06-14 17:26:20,69
2023-06-14 17:26:22,69
2023-06-14 17:26:22,69
2023-06-14 17:26:24,69
2023-06-14 17:26:24,69
2023-06-14 17:26:26,69
2023-06-14 17:26:26,69
2023-06-14 17:26:28,61
2023-06-14 17:26:28,61
2023-06-14 17:26:30,61
2023-06-14 17:26:30,61
2023-06-14 17:26:32,61
2023-06-14 17:26:32,61
2023-06-14 17:26:34,61
2023-06-14 17:26:34,61
2023-06-14 17:26:36,61
2023-06-14 17:26:36,61
2023-06-14 17:26:38,61
2023-06-14 17:26:38,61
2023-06-14 17:26:40,69
2023-06-14 17:26:40,69
2023-06-14 17:26:42,61
2023-06-14 17:26:42,61
2023-06-14 17:26:44,69
2023-06-14 17:26:44,69
2023-06-14 17:26:46,69
2023-06-14 17:26:46,69
2023-06-14 17:26:48,69
2023-06-14 17:26:48,69
2023-06-14 17:26:50,69
2023-06-14 17:26:50,69
2023-06-14 17:26:52,61
2023-06-14 17:26:52,61
2023-06-14 17:26:54,61
2023-06-14 17:26:54,61
2023-06-14 17:26:56,61
2023-06-14 17:26:56,61
2023-06-14 17:26:58,69
2023-06-14 17:26:58,69
2023-06-14 17:27:00,69
2023-06-14 17:27:00,69
2023-06-14 17:27:02,69
2023-06-14 17:27:02,69
2023-06-14 17:27:04,61
2023-06-14 17:27:04,61
2023-06-14 17:27:06,76
2023-06-14 17:27:06,76
2023-06-14 17:27:08,69
2023-06-14 17:27:08,69
2023-06-14 17:27:10,76
2023-06-14 17:27:10,76
2023-06-14 17:27:12,61
2023-06-14 17:27:12,61
2023-06-14 17:27:14,69
2023-06-14 17:27:14,69
2023-06-14 17:27:16,69
2023-06-14 17:27:16,69
2023-06-14 17:27:18,69
2023-06-14 17:27:18,69
2023-06-14 17:27:20,69
2023-06-14 17:27:20,69
2023-06-14 17:27:22,69
2023-06-14 17:27:22,69
2023-06-14 17:27:24,69
2023-06-14 17:27:24,69
2023-06-14 17:27:26,61
2023-06-14 17:27:26,61
2023-06-14 17:27:28,61
2023-06-14 17:27:28,61
2023-06-14 17:27:30,69
2023-06-14 17:27:30,69
2023-06-14 17:27:32,69
2023-06-14 17:27:32,69
2023-06-14 17:27:34,61
2023-06-14 17:27:34,61
2023-06-14 17:27:40,69
2023-06-14 17:27:40,69
2023-06-14 17:27:40,69
2023-06-14 17:27:40,69
2023-06-14 17:27:40,69
2023-06-14 17:27:40,69
2023-06-14 17:27:42,61
2023-06-14 17:27:42,61
2023-06-14 17:27:44,69
2023-06-14 17:27:44,69
2023-06-14 17:27:46,69
2023-06-14 17:27:46,69
2023-06-14 17:27:48,61
2023-06-14 17:27:48,61
2023-06-14 17:27:50,61
2023-06-14 17:27:50,61
2023-06-14 17:27:52,69
2023-06-14 17:27:52,69
2023-06-14 17:27:54,61
2023-06-14 17:27:54,61
2023-06-14 17:27:56,69
2023-06-14 17:27:56,69
2023-06-14 17:27:58,61
2023-06-14 17:27:58,61
2023-06-14 17:28:00,69
2023-06-14 17:28:00,69
2023-06-14 17:28:02,69
2023-06-14 17:28:02,69
2023-06-14 17:28:04,69
2023-06-14 17:28:04,69
2023-06-14 17:28:06,61
2023-06-14 17:28:06,61
2023-06-14 17:28:08,69
2023-06-14 17:28:08,69
2023-06-14 17:28:10,69
2023-06-14 17:28:10,69
2023-06-14 17:28:12,69
2023-06-14 17:28:12,69
2023-06-14 17:28:14,69
2023-06-14 17:28:14,69
2023-06-14 17:28:16,61
2023-06-14 17:28:16,61
2023-06-14 17:28:18,69
2023-06-14 17:28:18,69
2023-06-14 17:28:20,61
2023-06-14 17:28:20,61
2023-06-14 17:28:22,61
2023-06-14 17:28:22,61
2023-06-14 17:28:24,61
2023-06-14 17:28:24,61
2023-06-14 17:28:26,69
2023-06-14 17:28:26,69
2023-06-14 17:28:28,61
2023-06-14 17:28:28,61
2023-06-14 17:28:30,69
2023-06-14 17:28:30,69
2023-06-14 17:28:32,61
2023-06-14 17:28:32,61
2023-06-14 17:28:34,69
2023-06-14 17:28:34,69
2023-06-14 17:28:36,69
2023-06-14 17:28:36,69
2023-06-14 17:28:38,61
2023-06-14 17:28:38,61
2023-06-14 17:28:40,61
2023-06-14 17:28:40,61
2023-06-14 17:28:42,61
2023-06-14 17:28:42,61
2023-06-14 17:28:44,61
2023-06-14 17:28:44,61
2023-06-14 17:28:46,61
2023-06-14 17:28:46,61
2023-06-14 17:28:48,69
2023-06-14 17:28:48,69
2023-06-14 17:28:50,69
2023-06-14 17:28:50,69
2023-06-14 17:28:52,69
2023-06-14 17:28:52,69
2023-06-14 17:28:54,69
2023-06-14 17:28:54,69
2023-06-14 17:28:56,61
2023-06-14 17:28:56,61
2023-06-14 17:28:58,61
2023-06-14 17:28:58,61
2023-06-14 17:29:00,61
2023-06-14 17:29:00,61
2023-06-14 17:29:02,61
2023-06-14 17:29:02,61
2023-06-14 17:29:04,69
2023-06-14 17:29:04,69
2023-06-14 17:29:06,69
2023-06-14 17:29:06,69
2023-06-14 17:29:08,61
2023-06-14 17:29:08,61
2023-06-14 17:29:10,69
2023-06-14 17:29:10,69
2023-06-14 17:29:12,69
2023-06-14 17:29:12,69
2023-06-14 17:29:14,69
2023-06-14 17:29:14,69
2023-06-14 17:29:16,69
2023-06-14 17:29:16,69
2023-06-14 17:29:18,69
2023-06-14 17:29:18,69
2023-06-14 17:29:20,61
2023-06-14 17:29:20,61
2023-06-14 17:29:22,61
2023-06-14 17:29:22,61
2023-06-14 17:29:24,69
2023-06-14 17:29:24,69
2023-06-14 17:29:26,69
2023-06-14 17:29:26,69
2023-06-14 17:29:28,61
2023-06-14 17:29:28,61
2023-06-14 17:29:30,61
2023-06-14 17:29:30,61
2023-06-14 17:29:32,69
2023-06-14 17:29:32,69
2023-06-14 17:29:34,69
2023-06-14 17:29:34,69
2023-06-14 17:29:36,69
2023-06-14 17:29:36,69
2023-06-14 17:29:38,61
2023-06-14 17:29:38,61
2023-06-14 17:29:40,61
2023-06-14 17:29:40,61
2023-06-14 17:29:42,69
2023-06-14 17:29:42,69
2023-06-14 17:29:44,69
2023-06-14 17:29:44,69
2023-06-14 17:29:46,61
2023-06-14 17:29:46,61
2023-06-14 17:29:48,61
2023-06-14 17:29:48,61
2023-06-14 17:29:50,61
2023-06-14 17:29:50,61
2023-06-14 17:29:52,69
2023-06-14 17:29:52,69
2023-06-14 17:29:54,61
2023-06-14 17:29:54,61
2023-06-14 17:29:56,69
2023-06-14 17:29:56,69
2023-06-14 17:29:58,69
2023-06-14 17:29:58,69
2023-06-14 17:30:00,69
2023-06-14 17:30:00,69
2023-06-14 17:30:02,61
2023-06-14 17:30:02,61
2023-06-14 17:30:04,69
2023-06-14 17:30:04,69
2023-06-14 17:30:06,61
2023-06-14 17:30:06,61
2023-06-14 17:30:08,61
2023-06-14 17:30:08,61
2023-06-14 17:30:10,61
2023-06-14 17:30:10,61
2023-06-14 17:30:12,69
2023-06-14 17:30:12,69
2023-06-14 17:30:14,61
2023-06-14 17:30:14,61
2023-06-14 17:30:16,69
2023-06-14 17:30:16,69
2023-06-14 17:30:18,69
2023-06-14 17:30:18,69
2023-06-14 17:30:20,69
2023-06-14 17:30:20,69
2023-06-14 17:30:24,61
2023-06-14 17:30:24,61
2023-06-14 17:30:24,61
2023-06-14 17:30:24,61
2023-06-14 17:30:26,69
2023-06-14 17:30:26,69
2023-06-14 17:30:28,61
2023-06-14 17:30:28,61
2023-06-14 17:30:30,61
2023-06-14 17:30:30,61
2023-06-14 17:30:32,61
2023-06-14 17:30:32,61
2023-06-14 17:30:35,61
2023-06-14 17:30:35,61
2023-06-14 17:30:36,61
2023-06-14 17:30:36,61
2023-06-14 17:30:38,69
2023-06-14 17:30:38,69
2023-06-14 17:30:41,69
2023-06-14 17:30:41,69
2023-06-14 17:30:42,69
2023-06-14 17:30:42,69
2023-06-14 17:30:45,69
2023-06-14 17:30:45,69
2023-06-14 17:30:46,69
2023-06-14 17:30:46,69
2023-06-14 17:30:48,69
2023-06-14 17:30:48,69
2023-06-14 17:30:52,61
2023-06-14 17:30:52,61
2023-06-14 17:30:52,61
2023-06-14 17:30:52,61
2023-06-14 17:30:54,61
2023-06-14 17:30:54,61
2023-06-14 17:30:56,61
2023-06-14 17:30:56,61
2023-06-14 17:30:58,69
2023-06-14 17:30:58,69
2023-06-14 17:31:00,69
2023-06-14 17:31:00,69
2023-06-14 17:31:02,69
2023-06-14 17:31:02,69
2023-06-14 17:31:04,69
2023-06-14 17:31:04,69
2023-06-14 17:31:06,61
2023-06-14 17:31:06,61
2023-06-14 17:31:09,69
2023-06-14 17:31:09,69
2023-06-14 17:31:10,69
2023-06-14 17:31:10,69
2023-06-14 17:31:12,69
2023-06-14 17:31:12,69
2023-06-14 17:31:15,69
2023-06-14 17:31:15,69
2023-06-14 17:31:17,69
2023-06-14 17:31:17,69
2023-06-14 17:31:19,69
2023-06-14 17:31:19,69
2023-06-14 17:31:21,61
2023-06-14 17:31:21,61
2023-06-14 17:31:23,69
2023-06-14 17:31:23,69
2023-06-14 17:31:25,69
2023-06-14 17:31:25,69
2023-06-14 17:31:27,61
2023-06-14 17:31:27,61
2023-06-14 17:31:29,61
2023-06-14 17:31:29,61
2023-06-14 17:31:31,61
2023-06-14 17:31:31,61
2023-06-14 17:31:33,69
2023-06-14 17:31:33,69
2023-06-14 17:31:35,76
2023-06-14 17:31:35,76
2023-06-14 17:31:37,61
2023-06-14 17:31:37,61
2023-06-14 17:31:39,69
2023-06-14 17:31:39,69
2023-06-14 17:31:41,61
2023-06-14 17:31:41,61
2023-06-14 17:31:43,69
2023-06-14 17:31:43,69
2023-06-14 17:31:45,69
2023-06-14 17:31:45,69
2023-06-14 17:31:47,69
2023-06-14 17:31:47,69
2023-06-14 17:31:49,69
2023-06-14 17:31:49,69
2023-06-14 17:31:55,61
2023-06-14 17:31:55,61
2023-06-14 17:31:55,61
2023-06-14 17:31:55,61
2023-06-14 17:31:55,61
2023-06-14 17:31:55,61
2023-06-14 17:31:57,69
2023-06-14 17:31:57,69
2023-06-14 17:31:59,76
2023-06-14 17:31:59,76
2023-06-14 17:32:01,61
2023-06-14 17:32:01,61
2023-06-14 17:32:03,61
2023-06-14 17:32:03,61
2023-06-14 17:32:05,61
2023-06-14 17:32:05,61
2023-06-14 17:32:07,61
2023-06-14 17:32:07,61
2023-06-14 17:32:09,76
2023-06-14 17:32:09,76
2023-06-14 17:32:11,61
2023-06-14 17:32:11,61
2023-06-14 17:32:13,69
2023-06-14 17:32:13,69
2023-06-14 17:32:15,69
2023-06-14 17:32:15,69
2023-06-14 17:32:17,69
2023-06-14 17:32:17,69
2023-06-14 17:32:19,69
2023-06-14 17:32:19,69
2023-06-14 17:32:21,69
2023-06-14 17:32:21,69
2023-06-14 17:32:23,76
2023-06-14 17:32:23,76
2023-06-14 17:32:25,69
2023-06-14 17:32:25,69
2023-06-14 17:32:27,69
2023-06-14 17:32:27,69
2023-06-14 17:32:29,69
2023-06-14 17:32:29,69
2023-06-14 17:32:31,76
2023-06-14 17:32:31,76
2023-06-14 17:32:34,61
2023-06-14 17:32:34,61
2023-06-14 17:32:35,69
2023-06-14 17:32:35,69
2023-06-14 17:32:37,69
2023-06-14 17:32:37,69
2023-06-14 17:32:39,69
2023-06-14 17:32:39,69
2023-06-14 17:32:41,69
2023-06-14 17:32:41,69
2023-06-14 17:32:43,61
2023-06-14 17:32:43,61
2023-06-14 17:32:45,69
2023-06-14 17:32:45,69
2023-06-14 17:32:47,69
2023-06-14 17:32:47,69
2023-06-14 17:32:49,69
2023-06-14 17:32:49,69
2023-06-14 17:32:51,69
2023-06-14 17:32:51,69
2023-06-14 17:32:53,69
2023-06-14 17:32:53,69
2023-06-14 17:32:55,61
2023-06-14 17:32:55,61
2023-06-14 17:32:57,61
2023-06-14 17:32:57,61
2023-06-14 17:32:59,69
2023-06-14 17:32:59,69
2023-06-14 17:33:01,69
2023-06-14 17:33:01,69
2023-06-14 17:33:03,61
2023-06-14 17:33:03,61
2023-06-14 17:33:05,61
2023-06-14 17:33:05,61
2023-06-14 17:33:07,61
2023-06-14 17:33:07,61
2023-06-14 17:33:10,69
2023-06-14 17:33:10,69
2023-06-14 17:33:11,61
2023-06-14 17:33:11,61
2023-06-14 17:33:13,61
2023-06-14 17:33:13,61
2023-06-14 17:33:15,61
2023-06-14 17:33:15,61
2023-06-14 17:33:17,69
2023-06-14 17:33:17,69
2023-06-14 17:33:19,69
2023-06-14 17:33:19,69
2023-06-14 17:33:21,69
2023-06-14 17:33:21,69
2023-06-14 17:33:23,61
2023-06-14 17:33:23,61
2023-06-14 17:33:25,61
2023-06-14 17:33:25,61
2023-06-14 17:33:27,69
2023-06-14 17:33:27,69
2023-06-14 17:33:29,61
2023-06-14 17:33:29,61
2023-06-14 17:33:31,69
2023-06-14 17:33:31,69
2023-06-14 17:33:33,69
2023-06-14 17:33:33,69
2023-06-14 17:33:35,69
2023-06-14 17:33:35,69
2023-06-14 17:33:37,69
2023-06-14 17:33:37,69
2023-06-14 17:33:39,69
2023-06-14 17:33:39,69
2023-06-14 17:33:41,61
2023-06-14 17:33:41,61
2023-06-14 17:33:43,61
2023-06-14 17:33:43,61
2023-06-14 17:33:45,61
2023-06-14 17:33:45,61
2023-06-14 17:33:47,61
2023-06-14 17:33:47,61
2023-06-14 17:33:49,69
2023-06-14 17:33:49,69
2023-06-14 17:33:51,61
2023-06-14 17:33:51,61
2023-06-14 17:33:53,69
2023-06-14 17:33:53,69
2023-06-14 17:33:55,69
2023-06-14 17:33:55,69
2023-06-14 17:33:57,69
2023-06-14 17:33:57,69
2023-06-14 17:33:59,61
2023-06-14 17:33:59,61
2023-06-14 17:34:01,61
2023-06-14 17:34:01,61
2023-06-14 17:34:03,61
2023-06-14 17:34:03,61
2023-06-14 17:34:05,61
2023-06-14 17:34:05,61
2023-06-14 17:34:07,69
2023-06-14 17:34:07,69
2023-06-14 17:34:09,69
2023-06-14 17:34:09,69
2023-06-14 17:34:11,61
2023-06-14 17:34:11,61
2023-06-14 17:34:13,61
2023-06-14 17:34:13,61
2023-06-14 17:34:15,61
2023-06-14 17:34:15,61
2023-06-14 17:34:17,61
2023-06-14 17:34:17,61
2023-06-14 17:34:23,61
2023-06-14 17:34:23,61
2023-06-14 17:34:24,61
2023-06-14 17:34:24,69
2023-06-14 17:34:24,61
2023-06-14 17:34:24,69
2023-06-14 17:34:25,69
2023-06-14 17:34:25,69
2023-06-14 17:34:27,69
2023-06-14 17:34:27,69
2023-06-14 17:34:29,69
2023-06-14 17:34:29,69
2023-06-14 18:17:36,69
2023-06-14 18:17:38,61
2023-06-14 18:17:41,53
2023-06-14 18:17:43,61
2023-06-14 18:17:50,61
2023-06-14 18:17:56,69
2023-06-14 18:18:02,61
2023-06-14 18:18:02,69
2023-06-14 18:18:02,61
2023-06-14 18:18:02,69
2023-06-14 18:18:02,53
2023-06-14 18:18:02,53
2023-06-14 18:18:02,69
2023-06-14 18:18:02,61
2023-06-14 18:18:05,61
2023-06-14 18:18:07,69
2023-06-14 18:18:08,61
2023-06-14 18:18:10,69
2023-06-14 18:18:12,61
2023-06-14 18:18:14,69
2023-06-14 18:18:16,69
2023-06-14 18:18:18,53
2023-06-14 18:18:20,69
2023-06-14 18:18:22,69
2023-06-14 18:18:24,61
2023-06-14 18:18:26,69
2023-06-14 18:18:28,61
2023-06-14 18:18:31,61
2023-06-14 18:18:33,61
2023-06-14 18:18:39,61
2023-06-14 18:18:44,61
2023-06-14 18:18:45,69
2023-06-14 18:18:45,61
2023-06-14 18:18:45,61
2023-06-14 18:18:45,69
2023-06-14 18:19:06,61
2023-06-14 18:19:08,69
2023-06-14 18:19:10,61
2023-06-14 18:19:12,61
2023-06-14 18:19:14,69
2023-06-14 18:19:16,76
2023-06-14 18:19:24,61
2023-06-14 18:19:54,61
2023-06-14 18:19:54,69
2023-06-14 18:19:54,61
2023-06-14 18:19:54,69
2023-06-14 18:19:54,69
2023-06-14 18:19:54,61
2023-06-14 18:19:54,53
2023-06-14 18:19:54,69
2023-06-14 18:19:54,61
2023-06-14 18:19:54,53
2023-06-14 18:19:54,53
2023-06-14 18:19:54,61
2023-06-14 18:19:54,61
2023-06-14 18:19:54,69
2023-06-14 18:19:54,69
2023-06-14 18:19:54,53
2023-06-14 18:19:54,61
2023-06-14 18:19:53,69
2023-06-14 18:19:54,61
2023-06-14 18:19:54,69
2023-06-14 18:19:54,69
2023-06-14 18:19:54,61
2023-06-14 18:19:54,53
2023-06-14 18:19:54,61
2023-06-14 18:19:55,69
2023-06-14 18:19:55,61
2023-06-14 18:19:55,53
2023-06-14 18:19:55,53
2023-06-14 18:19:55,61
2023-06-14 18:19:55,61
2023-06-14 18:19:55,69
2023-06-14 18:19:55,69
2023-06-14 18:19:55,53
2023-06-14 18:19:55,61
2023-06-14 18:19:55,61
2023-06-14 18:19:56,61
2023-06-14 18:19:56,61
2023-06-14 18:19:58,53
2023-06-14 18:19:58,53
2023-06-14 18:20:00,61
2023-06-14 18:20:00,61
2023-06-14 18:20:03,61
2023-06-14 18:20:03,61
2023-06-14 18:20:05,69
2023-06-14 18:20:05,69
2023-06-14 18:20:06,53
2023-06-14 18:20:06,53
2023-06-14 18:20:10,61
2023-06-14 18:20:10,61
2023-06-14 18:20:16,69
2023-06-14 18:20:16,69
2023-06-14 18:20:20,61
2023-06-14 18:20:20,69
2023-06-14 18:20:20,61
2023-06-14 18:20:20,69
2023-06-14 18:20:20,53
2023-06-14 18:20:21,61
2023-06-14 18:20:21,69
2023-06-14 18:20:21,61
2023-06-14 18:20:21,69
2023-06-14 18:20:21,53
2023-06-14 18:20:23,61
2023-06-14 18:20:23,61
2023-06-14 18:20:27,61
2023-06-14 18:20:27,61
2023-06-14 18:20:31,61
2023-06-14 18:20:32,61
2023-06-14 18:20:32,61
2023-06-14 18:20:32,53
2023-06-14 18:20:31,61
2023-06-14 18:20:32,61
2023-06-14 18:20:32,61
2023-06-14 18:20:32,53
2023-06-14 18:30:55,69
2023-06-14 18:30:57,61
2023-06-14 18:30:59,61
2023-06-14 18:30:59,61
2023-06-14 18:31:01,61
2023-06-14 18:31:01,61
2023-06-14 18:31:03,61
2023-06-14 18:31:03,61
2023-06-14 18:31:05,61
2023-06-14 18:31:05,61
2023-06-14 18:31:07,61
2023-06-14 18:31:07,61
2023-06-14 18:31:09,61
2023-06-14 18:31:09,61
2023-06-14 18:31:11,61
2023-06-14 18:31:11,61
2023-06-14 18:31:13,61
2023-06-14 18:31:13,61
2023-06-14 18:31:15,61
2023-06-14 18:31:15,61
2023-06-14 18:31:17,53
2023-06-14 18:31:17,53
2023-06-14 18:31:19,69
2023-06-14 18:31:19,69
2023-06-14 18:31:21,69
2023-06-14 18:31:21,69
2023-06-14 18:31:23,53
2023-06-14 18:31:23,53
2023-06-14 18:31:25,53
2023-06-14 18:31:25,53
2023-06-14 18:31:27,61
2023-06-14 18:31:27,61
2023-06-14 18:31:29,69
2023-06-14 18:31:29,69
2023-06-14 18:31:31,53
2023-06-14 18:31:31,53
2023-06-14 18:31:33,69
2023-06-14 18:31:33,69
2023-06-14 18:31:35,61
2023-06-14 18:31:35,61
2023-06-14 18:31:37,61
2023-06-14 18:31:37,61
2023-06-14 18:31:39,61
2023-06-14 18:31:39,61
2023-06-14 18:31:41,53
2023-06-14 18:31:41,53
2023-06-14 18:31:43,53
2023-06-14 18:31:43,53
2023-06-14 18:31:45,53
2023-06-14 18:31:45,53
2023-06-14 18:31:47,61
2023-06-14 18:31:47,61
2023-06-14 18:31:50,53
2023-06-14 18:31:50,53
2023-06-14 18:31:51,69
2023-06-14 18:31:51,69
2023-06-14 18:31:53,53
2023-06-14 18:31:53,53
2023-06-14 18:31:55,61
2023-06-14 18:31:55,61
2023-06-14 18:31:57,61
2023-06-14 18:31:57,61
2023-06-14 18:31:59,69
2023-06-14 18:31:59,69
2023-06-14 18:32:01,61
2023-06-14 18:32:01,61
2023-06-14 18:32:03,69
2023-06-14 18:32:03,69
2023-06-14 18:32:05,53
2023-06-14 18:32:05,53
2023-06-14 18:32:08,61
2023-06-14 18:32:08,61
2023-06-14 18:32:09,61
2023-06-14 18:32:09,61
2023-06-14 18:32:11,61
2023-06-14 18:32:11,61
2023-06-14 18:32:13,61
2023-06-14 18:32:13,61
2023-06-14 18:32:15,61
2023-06-14 18:32:15,61
2023-06-14 18:32:17,69
2023-06-14 18:32:17,69
2023-06-14 18:32:19,69
2023-06-14 18:32:19,69
2023-06-14 18:32:21,69
2023-06-14 18:32:21,69
2023-06-14 18:32:23,53
2023-06-14 18:32:23,53
2023-06-14 18:32:25,53
2023-06-14 18:32:25,53
2023-06-14 18:32:27,61
2023-06-14 18:32:27,61
2023-06-14 18:32:29,69
2023-06-14 18:32:29,69
2023-06-14 18:32:31,69
2023-06-14 18:32:31,69
2023-06-14 18:32:33,61
2023-06-14 18:32:33,61
2023-06-14 18:32:43,53
2023-06-14 18:32:45,61
2023-06-14 18:32:45,61
2023-06-14 18:32:47,53
2023-06-14 18:32:47,53
2023-06-14 18:32:49,61
2023-06-14 18:32:49,61
2023-06-14 18:32:51,69
2023-06-14 18:32:51,69
2023-06-14 18:32:53,61
2023-06-14 18:32:53,61
2023-06-14 18:32:55,61
2023-06-14 18:32:55,61
2023-06-14 18:32:57,76
2023-06-14 18:32:57,76
2023-06-14 18:32:59,61
2023-06-14 18:32:59,61
2023-06-14 18:33:01,69
2023-06-14 18:33:01,69
2023-06-14 18:33:03,53
2023-06-14 18:33:03,53
2023-06-14 18:33:05,61
2023-06-14 18:33:05,61
2023-06-14 18:33:07,61
2023-06-14 18:33:07,61
2023-06-14 18:33:09,61
2023-06-14 18:33:09,61
2023-06-14 18:33:11,61
2023-06-14 18:33:11,61
2023-06-14 18:33:13,61
2023-06-14 18:33:13,61
2023-06-14 18:33:15,61
2023-06-14 18:33:15,61
2023-06-14 18:33:17,61
2023-06-14 18:38:45,61
2023-06-14 18:38:47,61
2023-06-14 18:38:47,61
2023-06-14 18:38:57,61
2023-06-14 18:38:59,69
2023-06-14 18:38:59,69
2023-06-14 18:39:01,61
2023-06-14 18:39:01,61
2023-06-14 18:39:03,61
2023-06-14 18:39:03,61
2023-06-14 18:39:05,53
2023-06-14 18:39:05,53
2023-06-14 18:39:07,61
2023-06-14 18:39:07,61
2023-06-14 18:39:09,61
2023-06-14 18:39:09,61
2023-06-14 18:39:11,61
2023-06-14 18:39:11,61
2023-06-14 18:39:13,61
2023-06-14 18:39:13,61
2023-06-14 18:39:15,61
2023-06-14 18:39:15,61
2023-06-14 18:39:17,61
2023-06-14 18:39:17,61
2023-06-14 18:39:19,53
2023-06-14 18:39:19,53
2023-06-14 18:39:21,61
2023-06-14 18:39:21,61
2023-06-14 18:39:23,61
2023-06-14 18:39:23,61
2023-06-14 18:39:25,61
2023-06-14 18:39:25,61
2023-06-14 18:39:27,53
2023-06-14 18:39:27,53
2023-06-14 18:39:29,61
2023-06-14 18:39:29,61
2023-06-14 18:39:31,69
2023-06-14 18:39:31,69
2023-06-14 18:53:24,38
